"hthwr","htowr","hthtor","hthtop","atawr","atowr","atator","atatop","gw"
0.75,0.8125,1.5,0.5022335648536682,0.375,0.6875,1.625,0.48787903785705566,"h"
0.25,0.25,2.25,0.42885416746139526,0.25,0.3125,2.5,0.46166667342185974,"h"
0.25,0.3125,1.375,0.4711458384990692,0.5,0.5,1.75,0.5336517691612244,"a"
1,0.625,0.875,0.5778472423553467,0.375,0.5625,1.875,0.5016784071922302,"h"
0.625,0.625,1.5,0.519652783870697,0.75,0.8125,1.625,0.4742361009120941,"h"
0.75,0.5,1.125,0.5509883165359497,0.375,0.4375,1.375,0.5099653005599976,"h"
0.75,0.5625,1.375,0.49197322130203247,0.25,0.25,1.875,0.48086804151535034,"h"
0.5,0.5,2.625,0.5261961817741394,0.375,0.5,2.25,0.4807291626930237,"h"
0.625,0.4375,1.375,0.4895167946815491,0,0.125,3,0.4598610997200012,"h"
0,0.0625,2,0.5103819370269775,0.75,0.625,2.625,0.5134721994400024,"a"
0.75,0.5625,1.5,0.5245311856269836,0.375,0.5625,1.875,0.5216684341430664,"h"
0.75,0.6875,1.5,0.4768750071525574,0.625,0.6875,1.5,0.538819432258606,"a"
0.5,0.3125,1.75,0.4712499976158142,0.125,0.4375,1.75,0.4704166650772095,"h"
0.375,0.25,2.25,0.4670615792274475,0.5,0.625,1.375,0.5459327697753906,"h"
0.375,0.5,2.375,0.5199897289276123,0.375,0.5625,1.75,0.4695138931274414,"a"
0.25,0.3125,1.625,0.4364604651927948,0.75,0.75,0.75,0.5178124904632568,"h"
0.25,0.1875,1.75,0.46227145195007324,0.625,0.625,2,0.5622901320457458,"a"
0.75,0.6875,0.75,0.574340283870697,0.375,0.3125,2.25,0.4543505311012268,"h"
0.875,0.625,1.125,0.5934374928474426,0.625,0.5625,1.75,0.5164642930030823,"a"
0.375,0.3125,1.375,0.4868979752063751,0.5,0.375,1.75,0.4796527624130249,"a"
0.75,0.5625,2,0.49190378189086914,0.5,0.625,1.375,0.5480927228927612,"a"
0.75,0.625,1,0.5569097399711609,0.375,0.5,2.875,0.4556597173213959,"a"
0.25,0.125,2,0.5060069561004639,0.625,0.6875,0.75,0.45982638001441956,"a"
0.75,0.5625,1.375,0.5071180462837219,0.625,0.5625,2.75,0.46753472089767456,"h"
0.625,0.5,1.5,0.5214236378669739,0.375,0.3125,2,0.5192594528198242,"a"
0.5,0.4375,1.625,0.5089336633682251,0.125,0.3125,2.25,0.42885416746139526,"h"
0.375,0.3125,2.375,0.48895832896232605,0.125,0.0625,2.25,0.4542200565338135,"h"
0.375,0.5,2.125,0.5197814106941223,0.25,0.625,2,0.49488580226898193,"h"
0.875,0.625,1,0.5636110901832581,0.375,0.5625,2,0.47090277075767517,"h"
0.875,0.8125,1.375,0.49649304151535034,0.25,0.5,2.125,0.46225693821907043,"h"
0.875,0.8125,1.375,0.4801041781902313,0.375,0.4375,1.875,0.5013194680213928,"h"
0.625,0.375,1.875,0.5093402862548828,0.875,0.8125,1.5,0.5362717509269714,"a"
0.375,0.375,2.875,0.516960084438324,0.5,0.625,2.125,0.4717708230018616,"a"
0.5,0.4375,1.75,0.5054861307144165,0.375,0.625,1.875,0.5173611044883728,"a"
0.25,0.3125,2.375,0.4637152850627899,0.625,0.6875,1.5,0.5318427681922913,"a"
1,0.625,1,0.5619791746139526,0.375,0.3125,2.125,0.464663028717041,"h"
0.75,0.5625,1.125,0.5079514980316162,0.25,0.3125,2,0.4640972316265106,"h"
0.875,0.625,1.375,0.593715250492096,0,0.125,3.125,0.4424305558204651,"h"
0.625,0.75,1.75,0.48082050681114197,0.375,0.5625,1.75,0.5240537524223328,"a"
0.125,0.125,1.75,0.5149305462837219,0.125,0.1875,1.125,0.4777430593967438,"h"
0.625,0.625,1.625,0.5165972113609314,0.625,0.6875,1.125,0.5443008542060852,"a"
0.375,0.4375,1.625,0.44607850909233093,0.125,0.375,1.75,0.4669097363948822,"h"
0.625,0.4375,1.125,0.5484188199043274,0.75,0.75,0.75,0.46013888716697693,"a"
0.375,0.375,1.75,0.515148937702179,0.75,0.8125,1.5,0.4709722101688385,"a"
0.625,0.625,2.25,0.47062501311302185,0.25,0.3125,1.625,0.4958333373069763,"h"
0.625,0.375,1.75,0.45944443345069885,0.75,0.8125,1.25,0.5519791841506958,"h"
0.5,0.5625,1.375,0.5199305415153503,0.625,0.5,1.25,0.49871528148651123,"a"
0.625,0.5,1.5,0.4909403920173645,0.625,0.6875,1.5,0.5545486211776733,"h"
0.25,0.3125,1.375,0.45673611760139465,0.75,0.5625,0.75,0.5260763764381409,"a"
0.5,0.375,1.25,0.48607638478279114,0.25,0.5625,1.875,0.5067708492279053,"h"
0.625,0.625,1.375,0.5019270181655884,0.5,0.625,2.25,0.48180556297302246,"a"
0.625,0.5625,2.25,0.4606190621852875,0.375,0.375,1.375,0.5079861283302307,"a"
0.875,0.75,1.125,0.5663889050483704,0,0.125,3.125,0.480798602104187,"h"
0.75,0.5625,1.375,0.5024999976158142,0.125,0.375,1.875,0.4693402647972107,"h"
0.625,0.75,2,0.485507994890213,0.375,0.4375,2,0.4780208468437195,"h"
0.25,0.1875,1.625,0.5221874713897705,0.125,0.375,2.25,0.42065972089767456,"h"
0.625,0.4375,0.75,0.531701385974884,0.625,0.75,1.5,0.46388888359069824,"h"
0.375,0.3125,2.375,0.5030555725097656,0.75,0.6875,1.875,0.5540956854820251,"a"
0.625,0.6875,1.625,0.48180556297302246,0.25,0.25,1.125,0.48576387763023376,"a"
0.875,0.8125,1.375,0.5119444727897644,0.5,0.5625,2.875,0.4577430486679077,"h"
0.5,0.4375,2.75,0.5235226154327393,0.25,0.4375,3,0.4477083384990692,"h"
0.375,0.5,1.875,0.5097916722297668,0.375,0.6875,1.875,0.4979513883590698,"a"
0.25,0.3125,1,0.44440972805023193,0.25,0.4375,2.375,0.4695138931274414,"a"
0.75,0.625,1,0.5183334350585938,0.25,0.3125,1.5,0.49340277910232544,"h"
0.875,0.75,1.375,0.4915972352027893,0.5,0.4375,1.75,0.4716666638851166,"h"
0.375,0.3125,1.625,0.47866564989089966,0.5,0.6875,1.75,0.5407932996749878,"h"
0.25,0.125,2,0.4850347340106964,0.125,0.1875,2.5,0.4711992144584656,"h"
0.5,0.4375,1.625,0.4951041638851166,0.375,0.5,3.125,0.44024306535720825,"a"
0.75,0.5,1.5,0.5725347399711609,0.5,0.375,2.125,0.5179052948951721,"a"
0.5,0.375,1.375,0.4981597363948822,0.5,0.625,1.5,0.5219009518623352,"a"
0.5,0.625,1.625,0.4893749952316284,0.375,0.4375,2.125,0.49135416746139526,"a"
0.75,0.625,2,0.4741319417953491,0.75,0.6875,1.875,0.5288759469985962,"h"
0.625,0.625,1.375,0.5562152862548828,0.625,0.625,1.625,0.4632291793823242,"a"
0.375,0.3125,2.125,0.49097222089767456,0.625,0.75,1.625,0.5520138740539551,"h"
0.5,0.3125,2.5,0.5072569251060486,0.75,0.6875,0.875,0.4653819501399994,"a"
0.5,0.625,1.375,0.5329861044883728,0.25,0.5625,1.875,0.480587363243103,"h"
0.75,0.625,1,0.5345273017883301,0.625,0.5,1.75,0.5343675017356873,"a"
0.375,0.25,1.5,0.5249999761581421,0.5,0.6875,1.5,0.5611805319786072,"h"
1,0.6875,1.125,0.5453715324401855,0.5,0.625,2,0.508968710899353,"h"
0.625,0.625,1,0.4918575584888458,0.125,0.3125,2.25,0.4633333384990692,"h"
0.5,0.625,1.5,0.48114582896232605,0.375,0.375,1.75,0.4639583230018616,"h"
0.625,0.5,2.75,0.512932300567627,0,0.125,2.875,0.47663193941116333,"h"
0.625,0.6875,1.75,0.4997222125530243,0.5,0.625,1.375,0.5201995968818665,"h"
0.5,0.4375,1.375,0.4663570821285248,0.25,0.4375,2,0.43968749046325684,"a"
0.25,0.375,2.25,0.46552082896232605,0.75,0.6875,1.5,0.5256467461585999,"a"
0.25,0.25,1.75,0.5081250071525574,0.875,0.6875,1.125,0.5327430367469788,"a"
0.625,0.375,2.125,0.5277430415153503,0.25,0.3125,1.5,0.5014930367469788,"h"
0.875,0.5625,1.5,0.5793750286102295,0.5,0.5625,1.125,0.5512847304344177,"h"
0.375,0.3125,1.375,0.48029759526252747,0.625,0.75,1.875,0.45732638239860535,"a"
0.5,0.375,1.125,0.5130208134651184,0.75,0.6875,1.25,0.4775347113609314,"a"
0.75,0.625,1.375,0.5098611116409302,0.125,0.4375,2,0.5093402862548828,"h"
0.25,0.4375,2,0.5006250143051147,0.625,0.625,1.625,0.5389260649681091,"a"
0.875,0.6875,1,0.5145534873008728,0.25,0.25,2.375,0.4723910689353943,"h"
0.5,0.4375,1.625,0.4519418776035309,0.25,0.375,2.5,0.4710416793823242,"h"
0.5,0.625,2,0.49036911129951477,0.25,0.375,1.75,0.4658333361148834,"a"
0.5,0.4375,2,0.4748292863368988,0.375,0.375,1.375,0.4867708384990692,"a"
0.5,0.4375,2,0.511631965637207,0.125,0.375,1.75,0.4640972316265106,"h"
0.375,0.4375,1.875,0.4750347137451172,0.125,0.25,2.25,0.4688728153705597,"h"
0.625,0.6875,2.5,0.4507579505443573,0.75,0.6875,1.25,0.4732638895511627,"h"
0.625,0.4375,1.875,0.46475693583488464,0.375,0.5625,3.375,0.4357638955116272,"h"
0.875,0.6875,1.75,0.5226389169692993,0.375,0.6875,1.625,0.4819791615009308,"a"
0.25,0.25,1.75,0.4964583218097687,0.375,0.375,1.375,0.520520806312561,"a"
0.875,0.6875,1.25,0.5270273089408875,0.125,0.5,2.125,0.4883304238319397,"h"
0.5,0.5,1.5,0.5429166555404663,0.375,0.5,2.5,0.5053819417953491,"a"
0.75,0.4375,1.625,0.5271875262260437,0.25,0.25,1.625,0.49350693821907043,"h"
0.375,0.4375,1.875,0.5276389122009277,0.375,0.4375,2.375,0.49666666984558105,"a"
0.75,0.4375,1.25,0.5782986283302307,0.75,0.5,2,0.5392980575561523,"a"
0.625,0.5,1.25,0.45455992221832275,0.125,0.1875,2.5,0.4852243959903717,"h"
0.375,0.1875,2.125,0.4841666519641876,0.375,0.375,1.5,0.4748958349227905,"h"
0.5,0.3125,1.375,0.5418750047683716,0.25,0.375,2.125,0.45965278148651123,"h"
0.5,0.6875,1.625,0.5273264050483704,0.625,0.75,1.375,0.5269044041633606,"a"
0.875,0.6875,1.625,0.5378472208976746,0.75,0.6875,0.625,0.48006945848464966,"h"
1,0.6875,1.125,0.5159271359443665,0.125,0.5,2,0.48451098799705505,"h"
0.625,0.5,2.375,0.480243057012558,0.625,0.5,2,0.5094330906867981,"a"
0.5,0.4375,1.625,0.5160069465637207,0.25,0.4375,1.875,0.4301736056804657,"h"
0.5,0.625,2,0.5039802193641663,0.5,0.5625,1.625,0.5240302681922913,"h"
0.875,0.75,1.375,0.49753472208976746,0.625,0.5625,1.875,0.5277068018913269,"h"
0.375,0.1875,2,0.4831395447254181,0.875,0.6875,1.375,0.5171034932136536,"a"
0.875,0.6875,1,0.5244492888450623,0.625,0.4375,2.375,0.5207216739654541,"h"
0.625,0.4375,1.25,0.5182986259460449,0.375,0.6875,1.75,0.45454859733581543,"h"
0.5,0.5625,1.625,0.4939236044883728,0.5,0.6875,1.75,0.5368402600288391,"a"
0.25,0.1875,1.125,0.46090278029441833,0.5,0.5,2.75,0.4560416638851166,"a"
0.875,0.5,1.625,0.5889770984649658,0.25,0.4375,3.25,0.42196038365364075,"h"
0.75,0.625,1.25,0.5257638692855835,0.625,0.5,2,0.5034608840942383,"h"
0.5,0.375,2.125,0.5030208230018616,0.75,0.625,1.25,0.5396398305892944,"a"
0.625,0.4375,2,0.46531251072883606,0.5,0.5625,2.375,0.5443055629730225,"a"
0.625,0.6875,1.5,0.5151041746139526,0.5,0.6875,1.75,0.4589236080646515,"h"
0.625,0.5,1.75,0.5102863311767578,0.375,0.5,2,0.4803386926651001,"h"
0.875,0.75,1.25,0.5311245322227478,0.375,0.375,1.5,0.5311458110809326,"h"
0.625,0.375,1.5,0.5602083206176758,0.625,0.625,1.5,0.5084721446037292,"a"
0.75,0.625,1.125,0.5331597328186035,0.375,0.625,2.25,0.49504512548446655,"h"
0.375,0.5,1.75,0.5133333206176758,0.625,0.625,1,0.4816666543483734,"h"
0.625,0.4375,1.375,0.5006780028343201,1,0.75,0.875,0.5540643930435181,"a"
0.875,0.6875,1.125,0.49829861521720886,0.125,0.375,2.125,0.5005555748939514,"h"
0.5,0.4375,0.875,0.5109027624130249,0.5,0.5,1.625,0.49746373295783997,"h"
0.625,0.5625,2.125,0.4864959716796875,0,0.4375,2.25,0.48010125756263733,"h"
0.375,0.5,2,0.4888194501399994,0.125,0.3125,2.25,0.4506944417953491,"h"
0.25,0.1875,1.125,0.4595833420753479,0,0.1875,2.875,0.4824305474758148,"h"
0.375,0.3125,1.375,0.5089930295944214,0.25,0.4375,1.75,0.4864845275878906,"h"
0.5,0.5,3,0.5289930701255798,0.5,0.4375,1.25,0.527222216129303,"a"
0.625,0.4375,1.875,0.47583332657814026,0.375,0.5,1.75,0.4661458432674408,"a"
0.75,0.4375,1.5,0.5194154977798462,0.125,0.3125,2.125,0.4896470010280609,"h"
0.5,0.5625,1,0.5033159255981445,0.5,0.75,1.375,0.4507986009120941,"a"
0.25,0.3125,1.75,0.4513392448425293,0.75,0.6875,0.875,0.4883333444595337,"a"
0.25,0.4375,1.625,0.4944097101688385,0.625,0.625,2.25,0.47562500834465027,"a"
0.375,0.25,2.125,0.495763897895813,0.5,0.6875,2,0.5157048106193542,"a"
0.625,0.8125,1.5,0.5386458039283752,0.5,0.5,1.375,0.4789915084838867,"h"
0.5,0.3125,1.75,0.5438541769981384,0.25,0.25,2.5,0.48352301120758057,"a"
0.625,0.625,1,0.5073089599609375,0.375,0.5,1.625,0.5172916650772095,"h"
0.5,0.4375,1.5,0.5137152671813965,0.25,0.4375,1.25,0.4782291650772095,"h"
0.375,0.4375,1.75,0.5247916579246521,0,0.1875,2.875,0.5006250143051147,"h"
0.75,0.375,1.875,0.5567895770072937,0.625,0.75,1.125,0.5254113674163818,"a"
0.5,0.625,2.125,0.5185982584953308,0.25,0.4375,1.875,0.46569445729255676,"h"
0.5,0.5625,2.625,0.4357067346572876,0.5,0.375,1.5,0.49060678482055664,"a"
0.625,0.4375,1.125,0.47001388669013977,0.25,0.4375,3.25,0.4292173385620117,"h"
0.5,0.3125,1.25,0.5221874713897705,0.625,0.6875,1.125,0.5286718010902405,"a"
0.625,0.375,1.75,0.5046932697296143,0.75,0.5625,1.875,0.520127534866333,"a"
1,0.75,1,0.519607663154602,0.375,0.625,1.875,0.46145832538604736,"h"
0.75,0.75,1.5,0.5271875262260437,0.5,0.5,2.625,0.5242708325386047,"h"
0.875,0.6875,1.75,0.5460416674613953,0.25,0.3125,1.5,0.496423602104187,"h"
0.25,0.125,2,0.49532705545425415,0.625,0.8125,1.125,0.4539930522441864,"a"
0.25,0.375,2.125,0.5319791436195374,0.75,0.625,1.5,0.5248828530311584,"a"
0.625,0.8125,1.25,0.539027750492096,0.125,0.3125,2.375,0.4979861080646515,"h"
0.5,0.5,2.75,0.5360416769981384,0.25,0.375,2.5,0.5056944489479065,"h"
0.25,0.25,1.125,0.45488685369491577,0.75,0.6875,1.5,0.5206686854362488,"a"
0.625,0.5625,1.25,0.5102083086967468,0.5,0.5,1.25,0.4566666781902313,"h"
0.25,0.375,1.375,0.4484096169471741,0.125,0.4375,2,0.48385125398635864,"a"
0.625,0.625,2,0.48656541109085083,0.625,0.6875,1,0.4941319525241852,"h"
0.875,0.75,0.75,0.5349305272102356,0.5,0.6875,1,0.519439160823822,"h"
1,0.75,0.875,0.5211853981018066,0.75,0.5625,1.25,0.5157524943351746,"h"
0.625,0.4375,1.75,0.5058516263961792,0.125,0.25,2,0.4420138895511627,"h"
0.5,0.375,2.125,0.44083333015441895,0.375,0.5,1.375,0.5206164717674255,"a"
0.5,0.4375,1.75,0.5035501718521118,0.75,0.5,2,0.5412772297859192,"a"
0.25,0.25,1.5,0.488611102104187,0.125,0.3125,2,0.5028414726257324,"a"
0.75,0.5625,1.5,0.49704861640930176,0.5,0.6875,1.75,0.5498611330986023,"a"
0.5,0.375,2.125,0.45392361283302307,0.25,0.4375,1.75,0.507152795791626,"a"
0.75,0.6875,1.5,0.5303472280502319,0.5,0.5625,1.25,0.4754498302936554,"h"
0.75,0.4375,2.25,0.5422757267951965,0.25,0.25,2.75,0.488627165555954,"h"
0.125,0.4375,1.875,0.49020832777023315,0.375,0.5,1.25,0.46704861521720886,"a"
0.375,0.4375,2.75,0.4191442131996155,0.375,0.4375,2.25,0.5277083516120911,"a"
0.75,0.5625,0.875,0.49740973114967346,0.125,0.1875,1.25,0.4690277874469757,"h"
0.625,0.5625,2.375,0.5354166626930237,0.5,0.375,2,0.48192623257637024,"h"
0.25,0.125,1.375,0.4967159330844879,0.75,0.6875,2,0.5052777528762817,"a"
0.875,0.6875,1.25,0.521818995475769,0.25,0.4375,1.625,0.49465277791023254,"h"
0.375,0.5625,1.625,0.4979861080646515,0.75,0.8125,1.25,0.524798572063446,"a"
0.375,0.25,1.75,0.5321180820465088,0.75,0.625,1.5,0.516076385974884,"a"
0.75,0.625,1.875,0.5169097185134888,0.375,0.4375,1.75,0.5294444561004639,"a"
0.625,0.5,2,0.49122971296310425,0.625,0.4375,1.125,0.520853579044342,"a"
0.375,0.3125,2.25,0.44874998927116394,0.25,0.375,1.875,0.506521999835968,"a"
0.5,0.375,2.25,0.4373264014720917,0.125,0.25,1.625,0.4499305486679077,"h"
0.875,0.6875,0.75,0.515838086605072,0.875,0.75,1.625,0.5277172923088074,"a"
1,0.8125,0.875,0.5011007189750671,0.875,0.75,1.25,0.5411823987960815,"h"
0.25,0.375,2.75,0.4188723862171173,0.375,0.5,1.75,0.4780208468437195,"a"
0.625,0.6875,2.25,0.46889179944992065,0.625,0.8125,1,0.48152777552604675,"a"
0.375,0.3125,1.125,0.4603729546070099,0.375,0.5,1.625,0.4712499976158142,"h"
0.75,0.8125,0.875,0.5225867629051208,0.125,0.25,2.625,0.48489582538604736,"h"
0.625,0.5,1.625,0.5241666436195374,0.25,0.375,1.75,0.5266319513320923,"h"
0.25,0.375,1.125,0.45962488651275635,0.75,0.5625,1.375,0.5090858340263367,"a"
0.375,0.1875,1.25,0.4977923333644867,0.5,0.6875,1.375,0.5289530158042908,"h"
0.25,0.1875,2.375,0.4690625071525574,0.75,0.8125,1.375,0.535701334476471,"a"
0.625,0.6875,2.125,0.5382857918739319,0.25,0.375,1.625,0.49617478251457214,"h"
0.625,0.4375,1.5,0.49247103929519653,0.25,0.375,2.375,0.4713541567325592,"h"
0.625,0.75,1.125,0.5461111068725586,0.75,0.4375,2,0.522735595703125,"a"
0.375,0.3125,2.25,0.4407638907432556,0.125,0.1875,1.875,0.4652777910232544,"h"
0.75,0.625,1.875,0.5417708158493042,0.375,0.5625,1.125,0.5074914693832397,"h"
0.25,0.4375,2.375,0.5366319417953491,0.625,0.6875,1.125,0.49958333373069763,"a"
0.5,0.5,1.25,0.5031871795654297,0.625,0.75,1.625,0.509913444519043,"a"
0.625,0.375,2.25,0.5319632291793823,0.625,0.625,2.5,0.5413541793823242,"a"
0.75,0.625,1.75,0.562048614025116,0.25,0.4375,1.25,0.4818750023841858,"h"
0.5,0.375,1.25,0.5199652910232544,0.375,0.5625,1,0.5174567699432373,"a"
0.125,0.4375,2,0.49857640266418457,0.25,0.3125,2.5,0.4845646917819977,"a"
0.375,0.25,1.375,0.5305555462837219,0.25,0.4375,1.25,0.44527778029441833,"h"
0.625,0.5,1.625,0.4934866726398468,0.375,0.5,2.25,0.5335069298744202,"h"
0.375,0.4375,2.5,0.4326918423175812,0.375,0.4375,1.125,0.4792345464229584,"h"
0.25,0.4375,2.25,0.5261458158493042,0.375,0.3125,2.25,0.47519010305404663,"h"
0.625,0.625,2.125,0.5473958253860474,0.75,0.75,1.375,0.5139583349227905,"a"
0.25,0.1875,2.5,0.48218750953674316,0.25,0.3125,2.625,0.428835391998291,"h"
0.375,0.5625,1.25,0.5055524706840515,0.125,0.25,2.625,0.5010794997215271,"a"
0.875,0.75,0.625,0.5194492340087891,0.625,0.625,1.75,0.4989583194255829,"h"
0.5,0.375,2,0.4303472340106964,0.75,0.8125,1.125,0.5355624556541443,"a"
0.625,0.75,0.875,0.514114499092102,0.875,0.75,1.125,0.52993243932724,"a"
0.625,0.4375,2,0.5073696374893188,0.125,0.1875,1.875,0.4585416615009308,"h"
1,0.8125,0.5,0.46974655985832214,0.375,0.625,1.5,0.535932183265686,"h"
0.5,0.3125,2.875,0.5145326852798462,0.875,0.75,1.375,0.5131944417953491,"a"
0.625,0.75,0.875,0.5306770205497742,0.125,0.1875,1.875,0.4475347101688385,"h"
0.5,0.375,1.875,0.4394444525241852,0.5,0.375,1.5,0.5242910981178284,"h"
0.625,0.75,2.25,0.4676041603088379,0.75,0.6875,1.375,0.5314949154853821,"h"
0.25,0.25,2,0.43940073251724243,0.75,0.875,0.75,0.49000000953674316,"a"
0.5,0.375,2.125,0.5014072060585022,0.625,0.75,1.75,0.5182468295097351,"a"
0.875,0.625,0.625,0.5174791812896729,0.5,0.4375,1.25,0.43156251311302185,"h"
0.5,0.625,1,0.5200316309928894,0.25,0.375,1.875,0.47295138239860535,"h"
0.625,0.4375,1.375,0.5330208539962769,0.125,0.375,1.5,0.46881943941116333,"h"
0.125,0.4375,2,0.5181597471237183,0.25,0.3125,1.875,0.4872947633266449,"a"
0.625,0.5,1.75,0.5158502459526062,0.5,0.375,2.375,0.4668745696544647,"a"
0.375,0.25,1.625,0.49541667103767395,0.25,0.375,1.125,0.4699290096759796,"h"
0.625,0.4375,1.75,0.5027515888214111,0.5,0.5625,1.625,0.4937500059604645,"a"
0.875,0.625,1,0.5252564549446106,0.5,0.5625,3.25,0.5178819298744202,"h"
0.375,0.25,1.375,0.5228124856948853,0.375,0.5625,1.875,0.5493749976158142,"h"
0.875,0.8125,0.875,0.535243034362793,0.75,0.6875,1.625,0.5139930844306946,"a"
0.625,0.6875,1.625,0.527430534362793,0.25,0.375,1.875,0.5012123584747314,"a"
1,0.875,0.5,0.4778715670108795,0.75,0.4375,1.75,0.5046046376228333,"h"
0.625,0.6875,1.25,0.5343402624130249,0.25,0.25,2.875,0.4821341335773468,"h"
0.875,0.75,0.75,0.5048658847808838,0.125,0.25,2.875,0.5180902481079102,"h"
0.375,0.3125,2.375,0.4884905219078064,0.875,0.75,1.375,0.5299742817878723,"a"
0.5,0.375,1.125,0.498256653547287,0.375,0.5,2.375,0.5413541793823242,"h"
0.75,0.625,1.5,0.4972713887691498,0.375,0.375,1.125,0.4293055534362793,"h"
0.875,0.625,0.75,0.5194583535194397,0.375,0.5,1.5,0.534618079662323,"a"
0.5,0.625,1.75,0.527673602104187,0.5,0.375,1.5,0.5120688676834106,"a"
0.25,0.375,1.5,0.4652498960494995,0.625,0.625,3.125,0.5370486378669739,"a"
0.5,0.375,1.25,0.497965931892395,0.25,0.375,1.75,0.4926736056804657,"h"
0.875,0.625,1.25,0.5192148089408875,0.75,0.6875,1.625,0.5162152647972107,"h"
0.875,0.8125,1,0.5375000238418579,0,0.125,2.125,0.4313541650772095,"h"
0.625,0.6875,2.375,0.5454966425895691,0.75,0.625,1.375,0.5018749833106995,"a"
0.375,0.25,1.5,0.4799652695655823,0.375,0.5625,1.875,0.53947913646698,"a"
0.625,0.375,1.375,0.48531827330589294,0.125,0.3125,2.5,0.43525901436805725,"h"
0.625,0.4375,2,0.44517362117767334,0.25,0.4375,1.25,0.49499422311782837,"h"
0.875,0.625,1.25,0.5233120322227478,0.625,0.625,1.75,0.5023958086967468,"h"
0.875,0.75,0.75,0.5098311305046082,0.75,0.6875,2.125,0.5170923471450806,"h"
0.375,0.3125,2.25,0.49439331889152527,0.25,0.3125,2.625,0.5150694251060486,"a"
0.5,0.375,1.375,0.510444164276123,0.5,0.625,1.75,0.4815624952316284,"h"
0.625,0.5,1.875,0.5369613766670227,0.25,0.3125,1.25,0.41263890266418457,"h"
0.75,0.5625,1.125,0.5203611254692078,0.375,0.3125,2.75,0.4987313449382782,"a"
0.625,0.6875,1.875,0.464722216129303,0.75,0.8125,1.375,0.5302672386169434,"h"
0.375,0.5625,1,0.5017677545547485,0.375,0.4375,1.625,0.5104544758796692,"a"
0.625,0.4375,1,0.5265972018241882,0.75,0.625,1.5,0.5126388669013977,"a"
0.25,0.375,1.625,0.47910407185554504,0.625,0.625,2.875,0.5422569513320923,"h"
0.5,0.3125,1.625,0.4398263990879059,0,0.125,1.625,0.4468402862548828,"h"
0.75,0.4375,0.875,0.4932002127170563,0.25,0.4375,1.75,0.48614582419395447,"h"
0.75,0.5625,1.625,0.5780555605888367,0.25,0.375,1.75,0.4852430522441864,"h"
0.75,0.75,1.375,0.5440278053283691,0.5,0.375,1.75,0.511721670627594,"h"
0.125,0.4375,2,0.5155555605888367,0.875,0.9375,0.5,0.49204862117767334,"a"
0.25,0.1875,1.875,0.45906248688697815,0.5,0.5625,1.375,0.5422222018241882,"a"
0.625,0.5,1.125,0.5047714710235596,0.25,0.5,1.5,0.5057553648948669,"h"
0.375,0.375,2.125,0.45537295937538147,0.5,0.5625,1.5,0.5344097018241882,"h"
0.375,0.3125,2.5,0.442691832780838,0.5,0.6875,1.75,0.4882467985153198,"h"
0.75,0.75,1.625,0.5457985997200012,0.375,0.5,2.125,0.5334722399711609,"h"
0.625,0.5625,1.625,0.47713249921798706,0.375,0.375,1,0.4596875011920929,"a"
0.375,0.4375,1.875,0.5038247108459473,0,0.25,2.25,0.42348816990852356,"h"
0.5,0.375,2.5,0.5097410082817078,0.75,0.5625,1.5,0.4928819537162781,"a"
0.25,0.125,2.625,0.48923611640930176,0.375,0.625,1.375,0.526591956615448,"a"
0.625,0.625,2.5,0.5507397055625916,0.625,0.625,1.75,0.5108680725097656,"h"
0.625,0.6875,0.75,0.5472569465637207,0.25,0.4375,1.5,0.4738541543483734,"h"
0.75,0.4375,0.375,0.49342572689056396,0.5,0.375,2,0.5083017349243164,"a"
1,0.9375,0.5,0.47967711091041565,0.375,0.5625,2.25,0.5259374976158142,"h"
0.375,0.25,1.875,0.4598610997200012,0.125,0.25,2.375,0.5012847185134888,"h"
0.125,0.4375,1.75,0.5022569298744202,0.25,0.375,1,0.4714583456516266,"a"
0.875,0.8125,1.125,0.5181944370269775,0.625,0.5625,1.875,0.518750011920929,"h"
0.625,0.625,1.75,0.5464583039283752,0.25,0.4375,1.375,0.5004456043243408,"h"
0.375,0.1875,2.125,0.5015972256660461,0.25,0.4375,1.875,0.5253124833106995,"h"
0.75,0.6875,2.375,0.5664235949516296,0.125,0.3125,1.125,0.47274306416511536,"h"
0.5,0.4375,2.125,0.4746090769767761,0.75,0.875,1,0.4994097352027893,"h"
0.375,0.375,2.25,0.4764419198036194,0.625,0.375,2,0.5066184997558594,"h"
0.5,0.375,1.875,0.45220571756362915,0.125,0.25,1.875,0.4556249976158142,"h"
0.5,0.5625,2,0.5459374785423279,0.625,0.625,2.625,0.5095486044883728,"a"
0.375,0.3125,2.125,0.49948278069496155,0.5,0.5625,1.25,0.520712673664093,"a"
0.25,0.1875,1.75,0.5028125047683716,0.25,0.5,1.375,0.47420138120651245,"a"
0.625,0.5625,1.5,0.48181408643722534,0.625,0.6875,1.625,0.5440643429756165,"h"
0.75,0.5625,1.75,0.5775347352027893,0.25,0.5,1.5,0.5051303505897522,"h"
0.5,0.375,1,0.5140625238418579,0.625,0.75,1.375,0.49960097670555115,"a"
0.5,0.5625,2,0.4612500071525574,0.5,0.6875,1.375,0.5300641655921936,"a"
0.625,0.4375,2,0.44711804389953613,0,0.25,2.125,0.4464742839336395,"h"
0.5,0.625,1,0.5075316429138184,0.625,0.75,1.625,0.5021528005599976,"h"
0.5,0.5,1.625,0.45966723561286926,0.75,0.6875,2.25,0.5318145155906677,"a"
0.375,0.4375,2.125,0.5218402743339539,0.5,0.4375,2.375,0.47361066937446594,"h"
0.375,0.25,1.5,0.5064930319786072,0.375,0.4375,2.5,0.5005021691322327,"h"
0.375,0.375,2,0.4909905195236206,0.25,0.375,1.375,0.4123263955116272,"a"
0.625,0.375,1,0.518881618976593,0.625,0.625,2.125,0.526536762714386,"h"
0.375,0.4375,2.125,0.5216666460037231,0.625,0.625,1,0.49099045991897583,"a"
0.5,0.5625,2.125,0.5421527624130249,0.375,0.5625,1.375,0.4798263907432556,"a"
0.625,0.625,2.125,0.46312499046325684,0,0.1875,1.625,0.4715277850627899,"h"
0.375,0.3125,1,0.4973958432674408,0.5,0.4375,2.5,0.4905203878879547,"a"
0.625,0.4375,1.875,0.5161975026130676,0.75,0.75,1.5,0.5171180367469788,"a"
0.75,0.5,1,0.5078611373901367,0.25,0.3125,1.5,0.49791666865348816,"h"
0.375,0.1875,1.75,0.44399306178092957,0.625,0.625,2.25,0.4897569417953491,"a"
0.5,0.375,2,0.4385764002799988,0.625,0.75,1.5,0.5231249928474426,"a"
0.875,0.6875,1,0.545464813709259,0,0.1875,2.25,0.43829861283302307,"h"
0.625,0.5625,1.375,0.48768213391304016,0.75,0.875,1,0.5016666650772095,"a"
0.875,0.625,1.25,0.575208306312561,0.5,0.3125,2,0.5118268728256226,"h"
0.875,0.75,1.125,0.5122964382171631,0.5,0.625,2.125,0.5066685080528259,"h"
0.625,0.6875,0.875,0.5293719172477722,0.375,0.4375,1.875,0.46253472566604614,"h"
0.75,0.6875,0.875,0.5532639026641846,0.125,0.3125,1.5,0.40166667103767395,"h"
0.625,0.375,1,0.5465205311775208,0.625,0.625,1.375,0.5321875214576721,"a"
0.375,0.375,1.625,0.43980610370635986,0.375,0.5625,1.5,0.5044012069702148,"a"
0.5,0.375,2.125,0.5113711357116699,0.25,0.3125,2.25,0.5081944465637207,"a"
0.625,0.625,2,0.5456249713897705,0.25,0.375,1.875,0.46215277910232544,"a"
0.375,0.3125,2.125,0.5018786191940308,0,0.1875,2.25,0.4589395523071289,"h"
0.375,0.1875,1.875,0.49253472685813904,0.75,0.75,1.5,0.5237500071525574,"a"
0.625,0.5,2.25,0.4912410080432892,0.5,0.5,2.375,0.5095139145851135,"h"
0.75,0.5625,0.5,0.48863404989242554,0.625,0.625,1.5,0.48982638120651245,"h"
1,0.875,0.5,0.48325350880622864,0.375,0.5625,1.75,0.49930742383003235,"h"
0.375,0.1875,1.75,0.43795138597488403,0.5,0.6875,1.875,0.5344097018241882,"a"
0.75,0.6875,1.125,0.5129861235618591,0.625,0.75,1.25,0.5381597280502319,"a"
0.625,0.625,1.25,0.49272286891937256,0.625,0.625,1.375,0.5368402600288391,"h"
0.625,0.625,1.625,0.5401389002799988,0.375,0.5,2.25,0.48609721660614014,"h"
0.5,0.375,1.375,0.5212500095367432,0.375,0.375,2,0.45454859733581543,"h"
0.75,0.6875,0.75,0.551770806312561,0.25,0.375,1.5,0.5311111211776733,"h"
0.25,0.375,2.25,0.4854166805744171,0.625,0.5625,2.125,0.5193750262260437,"a"
0.5,0.5625,1,0.4889381527900696,0.5,0.625,1.25,0.47767361998558044,"a"
1,0.8125,1,0.5534027814865112,0.25,0.3125,1.125,0.4950636923313141,"h"
0.75,0.6875,0.875,0.5149305462837219,0,0.1875,1.5,0.48381945490837097,"h"
0.625,0.625,1.5,0.5032029747962952,0.375,0.375,1.125,0.4502083361148834,"h"
0.875,0.75,1.125,0.5296527743339539,0.125,0.375,0.875,0.48152777552604675,"h"
0.625,0.625,0.875,0.5296496748924255,0.625,0.6875,1.875,0.5109722018241882,"h"
1,0.875,0.75,0.4837152659893036,0.5,0.4375,2,0.5096558928489685,"h"
0.75,0.6875,1.5,0.4628472328186035,0.25,0.3125,1.125,0.4943055510520935,"h"
0.75,0.5625,1.75,0.5383680462837219,0.375,0.25,2.25,0.5017361044883728,"h"
0.125,0.25,1.75,0.5030645728111267,0.125,0.25,2.25,0.4522826373577118,"a"
0.875,0.625,1.625,0.5412499904632568,0.5,0.6875,1.75,0.5228819251060486,"h"
0.5,0.3125,1.875,0.4466501772403717,0.25,0.4375,0.75,0.5093402862548828,"a"
0.5,0.5625,1.125,0.4753819406032562,0.75,0.75,1.5,0.5418750047683716,"a"
0.375,0.1875,1.5,0.4913194477558136,0.375,0.3125,2.5,0.48072871565818787,"h"
0.5,0.5625,1.125,0.5202052593231201,0.625,0.6875,1.125,0.542847216129303,"a"
0.375,0.375,2,0.5009905099868774,0.25,0.375,2,0.4478472173213959,"h"
0.375,0.1875,1.375,0.4329513907432556,0.75,0.75,1.875,0.5471270680427551,"a"
0.5,0.5625,2.25,0.4830293655395508,0.5,0.625,1.5,0.5085069537162781,"a"
0.25,0.25,2,0.4871028959751129,0.625,0.8125,1.375,0.5454166531562805,"a"
0.5,0.5,2,0.5455208420753479,0.25,0.3125,1.25,0.48961228132247925,"h"
0.75,0.6875,2.125,0.566319465637207,0.25,0.3125,2,0.4424305558204651,"h"
0.625,0.4375,1.75,0.5301210880279541,0.5,0.6875,1.375,0.48550376296043396,"h"
0.625,0.625,1.5,0.5395833253860474,0.25,0.1875,2.125,0.4894097149372101,"h"
0.625,0.4375,1.25,0.5648191571235657,0.125,0.375,1.625,0.5146527886390686,"h"
0.5,0.3125,1.5,0.4567890465259552,0.25,0.3125,2,0.4431944489479065,"h"
0.375,0.1875,1.5,0.4967361092567444,0.375,0.3125,1.125,0.487951397895813,"a"
0.375,0.3125,1.125,0.4932291805744171,0.5,0.625,1.875,0.5178472399711609,"h"
0.875,0.6875,1.375,0.511597216129303,0,0.1875,1.75,0.4747381806373596,"h"
0.375,0.25,1.75,0.4568749964237213,0.75,0.625,0.625,0.4957126975059509,"a"
0.75,0.5625,2.125,0.5038799047470093,0.375,0.3125,2.5,0.47513845562934875,"h"
0.875,0.8125,0.75,0.574340283870697,0.75,0.875,0.625,0.49909722805023193,"h"
0.75,0.625,0.5,0.4872104227542877,0.375,0.375,1,0.4482291638851166,"h"
0.375,0.3125,2.125,0.42038193345069885,0.375,0.4375,2.375,0.5104513764381409,"a"
0.5,0.5625,2,0.5590277910232544,0.5,0.5,1.625,0.5008711814880371,"h"
0.75,0.625,1.5,0.49483728408813477,0.5,0.6875,2.125,0.5346210598945618,"h"
0.625,0.5,2.375,0.4924910068511963,0.375,0.625,1.75,0.5189400315284729,"a"
0.75,0.5,1.25,0.5678052306175232,0.25,0.3125,1.25,0.448888897895813,"h"
0.625,0.5625,1.5,0.5076358914375305,0.375,0.25,1.75,0.49715277552604675,"a"
0.625,0.5625,1.625,0.5497569441795349,0.125,0.25,2.25,0.43840277194976807,"h"
0.25,0.3125,2.375,0.4753819406032562,0.625,0.6875,1.25,0.4951736032962799,"a"
0.875,0.6875,1.75,0.5548611283302307,0.5,0.5,1.25,0.48868054151535034,"h"
0.25,0.25,1.875,0.4323408305644989,0.75,0.75,1.625,0.5457291603088379,"a"
0.375,0.5,2.25,0.48260417580604553,0.25,0.3125,2,0.4635673463344574,"a"
0.5,0.3125,1.375,0.4634374976158142,0.5,0.5,1.75,0.5078125,"a"
0.875,0.8125,1.25,0.4938194453716278,0.625,0.625,2.375,0.46416667103767395,"a"
0.75,0.625,1.5,0.5595138669013977,0.625,0.8125,1.375,0.5380902886390686,"a"
0.5,0.25,1.125,0.4314519464969635,0.25,0.3125,1.375,0.4971591532230377,"h"
0.75,0.75,0.875,0.5602430701255798,0.625,0.75,1.5,0.4874725341796875,"a"
0.375,0.5,2.25,0.5480208396911621,0.625,0.6875,1.25,0.5475000143051147,"a"
0.625,0.5625,1.625,0.5450694561004639,0.625,0.5,1.625,0.519618034362793,"a"
0.625,0.5625,1.5,0.5590624809265137,0.375,0.5,2.625,0.4735416769981384,"h"
0.375,0.1875,1.5,0.5007985830307007,0.25,0.375,1.625,0.42329859733581543,"a"
0.5,0.5,1.5,0.5054135918617249,0.375,0.5625,0.625,0.5289583206176758,"a"
0.5,0.5,1.375,0.5179861187934875,0.75,0.75,1.75,0.5503909587860107,"a"
0.25,0.25,1.625,0.432931125164032,0.25,0.4375,1.5,0.5144444704055786,"a"
0.5,0.5,1.5,0.5049970149993896,0.375,0.375,1.875,0.48012983798980713,"a"
0.25,0.4375,2.25,0.5360069274902344,0.125,0.3125,1.875,0.48868054151535034,"a"
0.75,0.6875,1.375,0.4512847363948822,0.75,0.625,1.25,0.492587685585022,"h"
0.625,0.6875,1,0.5124745965003967,0.5,0.6875,1.75,0.5170739889144897,"a"
0.125,0.25,1.875,0.5040715336799622,0.25,0.25,2.625,0.4550177752971649,"h"
0.375,0.3125,1.875,0.5224305391311646,0.25,0.3125,1.625,0.48313137888908386,"a"
0.5,0.3125,1.75,0.457013875246048,0.625,0.75,1.625,0.4877502918243408,"h"
0.75,0.6875,0.625,0.48213523626327515,0.625,0.625,2,0.4822569489479065,"h"
0.75,0.5625,1.75,0.5320138931274414,0.75,0.8125,0.625,0.49628472328186035,"a"
1,0.8125,0.875,0.5625,0.375,0.3125,0.75,0.49076390266418457,"h"
0.375,0.375,1.875,0.4561458230018616,0.25,0.5,1.875,0.5071874856948853,"h"
0.25,0.3125,2.375,0.48196402192115784,0.75,0.5625,1.375,0.5373610854148865,"a"
0.625,0.6875,1.125,0.5162940621376038,0.25,0.375,1.375,0.4151389002799988,"h"
0.25,0.3125,1.75,0.5227173566818237,0.25,0.4375,2.625,0.47572916746139526,"h"
0.375,0.3125,1.625,0.5169791579246521,0.125,0.375,1.5,0.4956597089767456,"h"
0.875,0.75,1.375,0.5034375190734863,0.5,0.5,1.75,0.5210763812065125,"h"
0.25,0.25,2.25,0.4900122582912445,0.5,0.5625,1.5,0.5196436047554016,"a"
0.625,0.6875,1.25,0.47961804270744324,0,0.1875,1.875,0.4801041781902313,"h"
1,0.8125,1,0.5431597232818604,0.5,0.5,1.25,0.500034749507904,"h"
0.875,0.75,0.5,0.5251907706260681,0.125,0.3125,2.5,0.45402777194976807,"h"
0.25,0.25,1.5,0.4693402647972107,0.25,0.375,2.25,0.45663195848464966,"a"
0.75,0.6875,1.5,0.4619791805744171,0.375,0.5,2.25,0.5359752178192139,"h"
0.625,0.625,1.375,0.5101041793823242,0.625,0.4375,2.5,0.5154513716697693,"a"
0.875,0.8125,1.375,0.48934027552604675,0.5,0.5,1.75,0.507777750492096,"h"
0.625,0.6875,1.625,0.48819443583488464,0.75,0.875,1.25,0.5398958325386047,"a"
0.75,0.625,1.375,0.5462499856948853,0.25,0.25,1.75,0.4759722352027893,"h"
1,0.8125,1.25,0.5144097208976746,0.5,0.6875,1.25,0.4740277826786041,"h"
0.75,0.5,1.875,0.5118749737739563,0.25,0.4375,2,0.4968402683734894,"h"
0.625,0.5625,1.125,0.5167708396911621,0.25,0.3125,1.25,0.4486805498600006,"h"
0.5,0.3125,1.875,0.5223433375358582,0.5,0.625,0.5,0.5293055772781372,"a"
0.625,0.6875,1.25,0.5225093364715576,0.25,0.25,0.75,0.4746527671813965,"h"
0.25,0.25,1.625,0.4733680486679077,0.25,0.375,2.625,0.47677081823349,"a"
0.25,0.25,1.375,0.43187499046325684,0.125,0.25,1.875,0.4968055486679077,"a"
0.625,0.4375,1.625,0.4911110997200012,0.375,0.4375,1.875,0.4796527922153473,"h"
0.5,0.375,1.5,0.4730902910232544,0.375,0.3125,2.125,0.47126778960227966,"a"
0.5,0.625,2,0.5069097280502319,0.5,0.625,1.5,0.5310763716697693,"h"
0.125,0.375,2.25,0.526562511920929,0.75,0.8125,0.625,0.5042014122009277,"a"
0.625,0.5,1.375,0.5632999539375305,0.5,0.4375,1.75,0.4949896037578583,"a"
0.375,0.4375,1.875,0.4826359152793884,0.75,0.75,1.875,0.5422222018241882,"a"
0.875,0.6875,1.5,0.5432639122009277,0.5,0.5625,2,0.47968751192092896,"h"
0.5,0.375,1.25,0.4748263955116272,0.625,0.375,2.875,0.5106596946716309,"h"
0.25,0.3125,2.5,0.4918525516986847,0.375,0.5625,1.625,0.5138888955116272,"a"
0.75,0.625,1.375,0.47652778029441833,0.5,0.4375,1.75,0.49038195610046387,"a"
0.625,0.4375,2.375,0.511631965637207,0.375,0.5,1,0.4316319525241852,"a"
0.375,0.3125,1.375,0.5388284921646118,0.625,0.5625,1.375,0.5019791722297668,"h"
0.375,0.3125,1.25,0.504895806312561,0.625,0.8125,1.5,0.4940350353717804,"a"
0.75,0.75,0.875,0.5565277934074402,0.5,0.5625,1.625,0.5247916579246521,"h"
0.875,0.6875,1.25,0.5248264074325562,0.75,0.6875,1.125,0.5033515691757202,"h"
0.5,0.4375,1.625,0.5007985830307007,0.25,0.3125,1.75,0.5013541579246521,"a"
0.75,0.625,1.375,0.5581871867179871,0.625,0.625,1.625,0.5393402576446533,"h"
0.125,0.1875,2.25,0.4900889992713928,0.625,0.5,1.25,0.4793646037578583,"a"
0.5,0.5,1.625,0.5151041746139526,0.875,0.9375,1,0.5479166507720947,"a"
0.625,0.4375,0.875,0.44617095589637756,0.375,0.5625,1.5,0.5116751790046692,"h"
0.875,0.6875,0.5,0.5359894037246704,0.125,0.1875,1.75,0.4626452922821045,"h"
0.875,0.8125,1.375,0.47545138001441956,0.25,0.25,1.875,0.4563194513320923,"h"
0.375,0.25,1.25,0.5228641629219055,0.375,0.5,2.25,0.5206627249717712,"a"
0.875,0.8125,1.25,0.5490278005599976,0.125,0.25,1.5,0.45472222566604614,"h"
0.25,0.3125,2.625,0.502303957939148,0.75,0.8125,0.75,0.47121527791023254,"a"
1,0.9375,1.125,0.5254166722297668,0.625,0.5625,1.75,0.5045833587646484,"h"
0.875,0.625,1.75,0.5199999809265137,0.5,0.4375,1.875,0.49552083015441895,"h"
0.625,0.5625,1.375,0.507847249507904,0.625,0.6875,0.875,0.5277430415153503,"a"
1,0.8125,1.5,0.524097204208374,0.125,0.1875,2,0.43829861283302307,"h"
0.625,0.6875,1.375,0.4890972077846527,0.125,0.125,1.375,0.4713541567325592,"h"
0.375,0.3125,1.5,0.5093749761581421,0.625,0.625,1.5,0.5307638645172119,"a"
0.375,0.3125,1.5,0.5331340432167053,0.625,0.375,2.875,0.5179513692855835,"a"
0.375,0.25,1.375,0.5289058089256287,0.375,0.4375,2.75,0.47593748569488525,"h"
0.625,0.5,1.375,0.4806250035762787,0.625,0.75,1.5,0.535893440246582,"a"
0.75,0.5,1,0.45207372307777405,0.5,0.6875,1.125,0.4909375011920929,"h"
0.5,0.5625,1.875,0.4677663743495941,0.375,0.5625,1.5,0.5214697122573853,"h"
0.625,0.5,1.25,0.5536819100379944,0.125,0.375,2.25,0.488159716129303,"h"
0.75,0.5625,1.25,0.5327777862548828,0.625,0.5625,1.375,0.5032986402511597,"a"
0.625,0.4375,1,0.4892013967037201,0.125,0.1875,1.5,0.4658397138118744,"h"
0.75,0.6875,1,0.5539676547050476,0.125,0.25,1.75,0.4771527647972107,"h"
0.375,0.375,1.75,0.4811111092567444,0.5,0.625,1.25,0.5114668011665344,"a"
0.25,0.1875,1.375,0.4768750071525574,0.625,0.625,1.125,0.5151041746139526,"a"
0.5,0.3125,2.625,0.5012500286102295,0.25,0.3125,1.75,0.48142361640930176,"a"
0.25,0.1875,1.5,0.42857638001441956,0.375,0.5,1.125,0.4545833468437195,"h"
0.375,0.5,1.875,0.4953819513320923,0.5,0.375,2,0.4928302764892578,"a"
0.625,0.5,1.875,0.4811805486679077,0.375,0.5,1.75,0.46184027194976807,"a"
0.125,0.125,2.25,0.47734594345092773,0.625,0.75,1.5,0.5405462384223938,"a"
0.75,0.6875,1.5,0.5523611307144165,0.375,0.375,1.5,0.5179513692855835,"a"
0.375,0.4375,1.625,0.47662895917892456,0.875,0.9375,0.75,0.5125347375869751,"h"
0.375,0.5,1.75,0.5019097328186035,0.75,0.6875,1.25,0.49914708733558655,"a"
0.25,0.4375,2.375,0.5273958444595337,0.25,0.5625,2.125,0.5164930820465088,"h"
0.75,0.5,1,0.45264530181884766,0.125,0.25,1.25,0.46626871824264526,"h"
0.375,0.5,2.125,0.45627331733703613,0.75,0.8125,0.75,0.4736805558204651,"a"
0.625,0.5,1.25,0.5474666357040405,0.5,0.75,1.75,0.48576387763023376,"h"
0.875,0.6875,0.5,0.5388365983963013,0.625,0.75,2.25,0.5365971922874451,"h"
0.25,0.1875,1.5,0.4373264014720917,0.625,0.6875,0.875,0.5254861116409302,"h"
0.625,0.375,1.75,0.5053819417953491,0.625,0.5,1.625,0.4886701703071594,"h"
0.875,0.8125,1.375,0.499895840883255,0.25,0.3125,1.75,0.49263888597488403,"h"
1,0.75,1.375,0.5386805534362793,0.125,0.25,1.375,0.47824788093566895,"h"
0.625,0.5,1.625,0.4878472089767456,0.125,0.25,1.625,0.47343748807907104,"h"
0.375,0.4375,1.625,0.48694854974746704,0.625,0.5,1.875,0.49426373839378357,"a"
0.75,0.5,2,0.5210763812065125,0.625,0.5,1.375,0.4857291579246521,"a"
0.25,0.375,2.375,0.5080678462982178,0.25,0.1875,1.25,0.47225695848464966,"a"
0.375,0.375,1.375,0.4887847304344177,0.25,0.3125,3,0.48444443941116333,"h"
0.625,0.625,1.625,0.4945138990879059,0.25,0.5,2.75,0.4675000011920929,"h"
0.875,0.75,1.125,0.5362153053283691,0.125,0.1875,1.375,0.4772980511188507,"h"
0.625,0.6875,1.125,0.4921875,0.375,0.5,2.25,0.5160793662071228,"h"
0.625,0.5625,1.25,0.5265972018241882,0.625,0.4375,2.625,0.5202430486679077,"a"
0.5,0.4375,1,0.4732638895511627,0.625,0.75,1,0.5119444727897644,"a"
1,0.9375,1,0.49871528148651123,0.25,0.4375,1.625,0.5304280519485474,"h"
0.875,0.75,1.125,0.511631965637207,0.5,0.625,1.5,0.5263888835906982,"h"
0.5,0.375,1.375,0.5203562378883362,0.25,0.5,2.25,0.5061458349227905,"h"
0.875,0.8125,1.375,0.48597222566604614,0.125,0.375,2,0.5005555748939514,"h"
0.5,0.5625,1.625,0.4953819513320923,0.5,0.75,1.625,0.4809027910232544,"a"
0.375,0.25,1,0.4925000071525574,0.625,0.75,2.5,0.5489930510520935,"a"
0.625,0.625,1.625,0.5636805295944214,0.5,0.5625,1.125,0.44225695729255676,"a"
0.5,0.3125,1.25,0.5275694727897644,0,0.125,2.125,0.43666666746139526,"h"
0.5,0.5625,1.625,0.4976041615009308,0.375,0.5,1.375,0.5037237405776978,"h"
0.375,0.5,2.125,0.5242360830307007,0.375,0.3125,2,0.49725693464279175,"h"
1,0.9375,1,0.503576397895813,0.625,0.625,1.75,0.5107790231704712,"h"
0.125,0.1875,2,0.48304039239883423,0.375,0.5,1.75,0.5264697074890137,"a"
0.75,0.625,1.125,0.5427871346473694,0.125,0.25,3.25,0.48614582419395447,"h"
1,0.8125,0.875,0.5191666483879089,0.375,0.375,1.5,0.5198958516120911,"h"
0.125,0.125,1.5,0.45965278148651123,0.75,0.8125,0.75,0.5291666388511658,"a"
0.375,0.5,2.125,0.4715511202812195,0.5,0.4375,1.875,0.4857291579246521,"a"
0.375,0.5,1.875,0.5009375214576721,0.375,0.5,2.25,0.5079196691513062,"a"
0.75,0.5,1.25,0.47094959020614624,0.375,0.4375,1.875,0.46343180537223816,"h"
0.375,0.5,1.625,0.48027777671813965,0.5,0.5625,1.125,0.5042098760604858,"a"
0.625,0.5,1.875,0.48565971851348877,0,0.125,2.5,0.43930554389953613,"h"
0.25,0.25,2,0.46541231870651245,0.125,0.3125,1.25,0.49082252383232117,"h"
0.75,0.5,1.875,0.5318750143051147,0,0.3125,2.375,0.4831944406032562,"h"
0.625,0.625,1.25,0.5595138669013977,0.25,0.375,2,0.4664236009120941,"h"
0.5,0.5,1.75,0.47350695729255676,0.75,0.8125,0.625,0.47902777791023254,"a"
0.625,0.625,1.375,0.4869791567325592,0.125,0.125,1.125,0.4862563908100128,"h"
0.875,0.75,1.125,0.4870833456516266,0.5,0.375,1.75,0.5196874737739563,"a"
0.375,0.25,1.375,0.48086804151535034,0.625,0.5,3.125,0.5321875214576721,"a"
0.375,0.4375,1.625,0.5055943727493286,0.625,0.6875,1.125,0.5293055772781372,"a"
0.875,0.875,1.125,0.49128472805023193,0.75,0.8125,0.625,0.5243055820465088,"a"
0.75,0.5,1.375,0.46931764483451843,0.375,0.4375,1.75,0.47318875789642334,"h"
0.5,0.3125,1.5,0.5099999904632568,0.375,0.375,1.625,0.49857640266418457,"h"
0.5,0.5625,1.875,0.4663427770137787,0.625,0.75,1.75,0.5648263692855835,"h"
1,0.75,1.375,0.5283680558204651,0.5,0.5,1.375,0.5193750262260437,"h"
0.25,0.4375,2,0.5064930319786072,0.5,0.5625,1.75,0.5070863366127014,"a"
0.875,0.875,1.125,0.48954862356185913,0.375,0.5,2.125,0.5349072217941284,"h"
0.5,0.5625,1.375,0.4849652647972107,0,0.25,3.375,0.48618054389953613,"h"
0.5,0.4375,1,0.48260417580604553,0.625,0.75,1.625,0.5474212169647217,"h"
0.75,0.75,1.5,0.4914930462837219,0.375,0.5625,2.75,0.4817013740539551,"a"
0.375,0.1875,1.25,0.4460763931274414,0.25,0.25,1.25,0.48819443583488464,"h"
0.5,0.5625,2.25,0.5190277695655823,0.5,0.75,1.5,0.4840624928474426,"h"
0.625,0.3125,1.625,0.5023958086967468,0.5,0.4375,1.5,0.492083340883255,"h"
0.625,0.5625,1.375,0.512499988079071,0,0.1875,1.375,0.46272704005241394,"h"
0.375,0.25,1.25,0.4798263907432556,0.625,0.625,0.875,0.5446180701255798,"a"
0.5,0.4375,0.875,0.48673611879348755,0.375,0.5,1.125,0.4930812120437622,"h"
0.25,0.1875,1.75,0.4630555510520935,0.375,0.3125,1.625,0.5060069561004639,"h"
0.875,0.75,1.125,0.5317708253860474,0.25,0.5,2.125,0.48565971851348877,"h"
0.625,0.5625,1.125,0.560730516910553,0.5,0.5,1.125,0.43388888239860535,"h"
0.625,0.4375,1.25,0.5268840193748474,0.5,0.375,1.875,0.47912484407424927,"h"
0.875,0.8125,0.625,0.5356074571609497,0.5,0.5625,1.75,0.4983137547969818,"h"
0.75,0.6875,0.875,0.5484468340873718,0.625,0.5625,1.875,0.48498961329460144,"h"
0.375,0.375,1.625,0.4706597328186035,0.75,0.625,1.25,0.503993034362793,"a"
0.625,0.5,1.375,0.5296527743339539,0,0.25,3.25,0.4819791615009308,"h"
0.75,0.5625,1.75,0.5094444155693054,0.125,0.1875,1.25,0.4766383469104767,"h"
0.375,0.3125,2.25,0.4790038764476776,0.625,0.75,0.875,0.519444465637207,"h"
0.5,0.5,1.75,0.4599541127681732,0.375,0.5,1.875,0.50362229347229,"h"
0.125,0.25,2.375,0.507859468460083,0.625,0.625,1.625,0.5146874785423279,"a"
0.75,0.6875,1,0.4722326993942261,0.625,0.5,1.75,0.5169686675071716,"a"
0.625,0.4375,1.25,0.5337634682655334,0.375,0.5625,1.875,0.5028775334358215,"a"
0.25,0.125,1.5,0.4911110997200012,0.125,0.375,2.5,0.49211806058883667,"a"
0.375,0.1875,1.25,0.45934027433395386,0.25,0.3125,1.125,0.4849197566509247,"a"
0.875,0.625,1.125,0.4746648669242859,0.625,0.5625,3.125,0.5226041674613953,"h"
0.5,0.5,1.375,0.5379180312156677,0.75,0.75,0.875,0.5545138716697693,"a"
0.375,0.5,1.75,0.46234971284866333,0.75,0.6875,1,0.5478819608688354,"a"
0.375,0.4375,1.875,0.48652777075767517,0.5,0.6875,1.625,0.5695833563804626,"h"
1,0.75,1.125,0.5106250047683716,0.75,0.75,0.125,0.4786111116409302,"h"
0.625,0.5,0.625,0.5003125071525574,0.75,0.8125,0.625,0.5254861116409302,"h"
1,0.75,1,0.5123958587646484,0,0.125,1.5,0.4661298394203186,"h"
0.5,0.3125,2.125,0.503368079662323,0.75,0.75,0.375,0.4871875047683716,"a"
0.625,0.6875,1.25,0.5610069632530212,0.375,0.4375,1.375,0.44315972924232483,"h"
0.25,0.4375,2.375,0.5020527243614197,0.5,0.5,1.625,0.49403077363967896,"a"
0.5,0.4375,1.375,0.5072916746139526,0.375,0.375,1.125,0.48222222924232483,"a"
0.875,0.8125,0.75,0.5548704266548157,0.375,0.375,1.625,0.4915277659893036,"h"
0.375,0.25,1.625,0.46579861640930176,0.375,0.5,2.125,0.49110543727874756,"h"
0.625,0.5,2.125,0.5103819370269775,0.625,0.75,0.625,0.534618079662323,"a"
1,0.6875,1.25,0.48344048857688904,0.25,0.4375,2.25,0.47657158970832825,"h"
0.5,0.5625,1.75,0.4989122152328491,0.5,0.4375,1.625,0.4653053879737854,"h"
0.375,0.3125,1.375,0.49184027314186096,0.625,0.625,1.75,0.5121180415153503,"a"
0.875,0.8125,1.25,0.49000000953674316,0.5,0.625,1.375,0.5336365103721619,"h"
0.375,0.1875,1.375,0.4929513931274414,0.5,0.3125,1.25,0.5222916603088379,"a"
0.625,0.625,1.875,0.52364581823349,0.625,0.5625,1.375,0.5112847089767456,"h"
0.625,0.5,1.625,0.5140625238418579,0.5,0.625,2.25,0.5177891850471497,"a"
0.5,0.3125,1.625,0.46746528148651123,0.375,0.6875,2.625,0.48701387643814087,"h"
0,0.25,2.375,0.4755330979824066,0.75,0.8125,1.125,0.5479514002799988,"a"
0.875,0.6875,0.875,0.534166693687439,0.625,0.625,2.75,0.5228472352027893,"h"
0.5,0.25,1.375,0.47680556774139404,0.625,0.75,0.5,0.4989235997200012,"h"
0.5,0.5625,1.625,0.4945833384990692,0,0.125,1.625,0.46088677644729614,"h"
0.375,0.375,2.375,0.48758023977279663,0.375,0.4375,1.5,0.441631942987442,"h"
0.5,0.5625,1.5,0.5121527910232544,0.375,0.5,2.125,0.47483548521995544,"a"
0.125,0.375,2.375,0.5154237747192383,0.5,0.75,1.625,0.4729166626930237,"a"
0.375,0.375,1.625,0.4683680534362793,0.375,0.5,2.125,0.5056887865066528,"a"
0.375,0.3125,1.5,0.4846527874469757,0.5,0.625,2.125,0.5236225128173828,"a"
0.75,0.75,1.5,0.4954513907432556,0.625,0.5625,1.75,0.4791562855243683,"h"
1,0.8125,0.625,0.5501388907432556,0.125,0.3125,2.5,0.48065972328186035,"h"
0.75,0.625,1.125,0.45372575521469116,0.5,0.5,1.625,0.5009751915931702,"h"
0.5,0.4375,2.25,0.49868056178092957,0.875,0.75,1.125,0.5634375214576721,"a"
0.625,0.5,1.625,0.476655513048172,0.5,0.6875,1.625,0.5730555653572083,"h"
0.875,0.8125,1.125,0.5402871370315552,0.375,0.375,1.875,0.48790955543518066,"h"
0.375,0.1875,1.625,0.4675694406032562,0.5,0.3125,2,0.5171075463294983,"h"
0.5,0.4375,2,0.5005555748939514,0,0.25,2.875,0.4504166543483734,"h"
0.375,0.1875,1.5,0.476666659116745,0.5,0.5,2,0.5092014074325562,"h"
0.5,0.5625,2.25,0.5009049773216248,0.375,0.4375,1.875,0.5149048566818237,"a"
0.75,0.5625,1.125,0.5276085734367371,0.125,0.3125,1.125,0.491881400346756,"h"
1,0.75,0.75,0.492083340883255,0.375,0.5,1,0.5081506371498108,"h"
0.875,0.625,1.5,0.49660724401474,0.25,0.375,2.25,0.48902714252471924,"a"
0.75,0.5625,0.625,0.4950000047683716,0.75,0.75,0.625,0.5150347352027893,"h"
0.875,0.75,0.875,0.5432639122009277,0.625,0.5625,1.125,0.520104169845581,"a"
0.125,0.3125,2,0.48928308486938477,0.375,0.375,1.5,0.4868055582046509,"h"
0.625,0.75,1.375,0.5560069680213928,0.625,0.75,0.375,0.48809027671813965,"a"
0.375,0.4375,2.125,0.5385082960128784,0.625,0.5625,2,0.47079727053642273,"a"
0.875,0.75,1,0.5414583086967468,0.375,0.5625,2,0.5284318327903748,"h"
0.5,0.5625,1.875,0.48385417461395264,0.5,0.3125,1.5,0.5380555391311646,"h"
0.5,0.4375,2.375,0.4813649654388428,0.375,0.625,2.375,0.4954861104488373,"h"
0.25,0.3125,1.875,0.4493750035762787,0.5,0.5625,1,0.5409978628158569,"a"
0.25,0.125,1.625,0.47236111760139465,0.5,0.625,1.375,0.5161017775535583,"a"
0.375,0.25,1.625,0.4584027826786041,0.625,0.75,0.25,0.4898958206176758,"a"
0.625,0.75,1.125,0.5621528029441833,0.5,0.75,1.625,0.46871528029441833,"h"
0.625,0.3125,1.25,0.5041319727897644,0,0.1875,1.375,0.46067842841148376,"h"
0.375,0.3125,2.25,0.4964583218097687,0.375,0.5,1.375,0.4355555474758148,"a"
0.75,0.75,1.125,0.49752500653266907,0.375,0.4375,2.125,0.5148316621780396,"h"
0.375,0.375,2.125,0.4787166118621826,0.25,0.3125,1.25,0.48550868034362793,"h"
0.375,0.4375,1.625,0.4890277683734894,0.5,0.6875,1.875,0.5766319632530212,"a"
0.75,0.625,1.625,0.5262500047683716,0.25,0.375,2.375,0.506259024143219,"h"
0.5,0.4375,2.125,0.4771635830402374,0.125,0.1875,3.25,0.4982638955116272,"a"
0.875,0.75,1.25,0.4814583361148834,0.25,0.3125,1.125,0.498251736164093,"h"
0.5,0.4375,1.875,0.503333330154419,0.5,0.625,2.125,0.4773702025413513,"a"
0.375,0.1875,1.375,0.4479166567325592,0.5,0.4375,1.25,0.4980902671813965,"h"
0.5,0.4375,1.625,0.47065895795822144,0.125,0.375,2.625,0.46085765957832336,"a"
0.375,0.25,1.5,0.47111111879348755,0.75,0.75,0.625,0.512499988079071,"a"
0.5,0.5625,2,0.5020160675048828,0.75,0.8125,0.875,0.5437152981758118,"a"
0.75,0.625,1.875,0.5110416412353516,0.375,0.3125,1.5,0.5065277814865112,"h"
0.625,0.4375,1.5,0.5163888931274414,0.375,0.5625,1.875,0.5174595713615417,"h"
0.875,0.6875,0.875,0.5383333563804626,0.5,0.3125,1.25,0.5387499928474426,"h"
0.125,0.3125,2.875,0.5078890323638916,0.375,0.375,1.75,0.48030540347099304,"a"
0.5,0.5,2.25,0.5106596946716309,0.625,0.5625,1.125,0.5147222280502319,"a"
0.625,0.625,1.5,0.508912205696106,0.5,0.625,1,0.508219838142395,"h"
0.75,0.5625,1.625,0.4980340600013733,0.625,0.75,0.5,0.5324305295944214,"a"
0.5,0.5,2,0.5348277688026428,0.375,0.25,2.25,0.5127325654029846,"h"
0.125,0.3125,1.625,0.5052205920219421,0.5,0.375,1,0.5019097328186035,"a"
0.875,0.75,1.25,0.49156248569488525,0.375,0.5625,2.5,0.4875694513320923,"h"
0.25,0.25,1.625,0.4601736068725586,0.375,0.5,1.625,0.5158423185348511,"a"
0.5,0.4375,2.125,0.4621172845363617,0.5,0.625,2,0.5310530662536621,"a"
0.375,0.4375,1.5,0.4958333373069763,0.625,0.625,2.25,0.4682278037071228,"a"
0.375,0.1875,1.5,0.4396180510520935,0.5,0.75,1.5,0.46361109614372253,"a"
0.625,0.75,1,0.5596528053283691,0.25,0.3125,2.125,0.4828813076019287,"h"
0.75,0.4375,0.875,0.5254861116409302,0.375,0.5625,2.125,0.47684937715530396,"h"
0.75,0.5625,0.625,0.49704861640930176,0.25,0.375,1.625,0.46996527910232544,"h"
0.375,0.375,1.75,0.49027910828590393,0.25,0.25,3.125,0.4914236068725586,"a"
0.5,0.5625,1.75,0.4860416650772095,0.5,0.6875,2,0.5794791579246521,"a"
1,0.875,1,0.5398610830307007,0.375,0.4375,1,0.5329198837280273,"h"
0.75,0.625,1.25,0.44629520177841187,0.5,0.5,2.75,0.5131944417953491,"h"
0.25,0.25,1.875,0.4447222352027893,0.25,0.5,2.5,0.49019792675971985,"a"
0.25,0.375,1.875,0.4569791555404663,0.625,0.625,2.5,0.45739448070526123,"a"
0.375,0.3125,1.125,0.4651041626930237,0.5,0.5,1.125,0.5186111330986023,"h"
0.625,0.5,1.375,0.5135113596916199,0.5,0.5,1.25,0.456805557012558,"a"
0.875,0.8125,0.625,0.4901292026042938,0.25,0.3125,2.5,0.4779854714870453,"h"
1,0.75,0.75,0.49107638001441956,0.25,0.3125,2,0.47537484765052795,"h"
0.375,0.4375,1.5,0.49309027194976807,0.625,0.5625,1.375,0.5045833587646484,"h"
0.75,0.625,1.375,0.44396883249282837,0.625,0.8125,0.875,0.5329166650772095,"h"
0.625,0.4375,1.75,0.4699760973453522,0.375,0.5,1.75,0.4960506558418274,"h"
0.875,0.625,0.75,0.5168750286102295,0.25,0.375,2.25,0.4855608344078064,"h"
0.5,0.5,2,0.5097938179969788,0.5,0.5,1,0.5246180295944214,"a"
0.625,0.5625,2.25,0.5105555653572083,0.875,0.75,1.375,0.5492013692855835,"a"
0.875,0.6875,0.875,0.5211963057518005,0.375,0.25,2,0.5072306990623474,"h"
0.375,0.3125,2,0.49687498807907104,0.375,0.5,2.375,0.46327298879623413,"h"
0.25,0.375,1.375,0.5047222375869751,0.375,0.4375,2.75,0.5029861330986023,"h"
0.625,0.5,1.875,0.5260763764381409,0.625,0.75,0.375,0.4910416603088379,"a"
1,0.8125,1.625,0.5309028029441833,0.25,0.5,2.375,0.47843751311302185,"h"
0.25,0.375,1.75,0.4617481529712677,0.375,0.375,2.875,0.4991198778152466,"a"
0.5,0.5,2.25,0.5185651779174805,0,0.1875,1.375,0.45718270540237427,"h"
0.375,0.25,1.625,0.47305554151535034,0.375,0.4375,2,0.48733165860176086,"a"
0.875,0.8125,0.5,0.4871777892112732,0.25,0.5,2.75,0.4993298649787903,"h"
0.625,0.75,1.25,0.557960569858551,0.125,0.1875,1.125,0.47824257612228394,"h"
0.125,0.25,3,0.5042779445648193,0.5,0.4375,2,0.5143055319786072,"a"
0.375,0.3125,1.625,0.4970499575138092,0.625,0.6875,0.75,0.508185088634491,"a"
0.625,0.625,1.625,0.5107871890068054,0.375,0.4375,1.5,0.5248958468437195,"h"
0.875,0.6875,1,0.5354324579238892,0.625,0.8125,1.125,0.46812498569488525,"a"
0.75,0.6875,0.75,0.5153472423553467,0.5,0.5625,1.875,0.5317127704620361,"h"
0.5,0.4375,1.625,0.5207734107971191,0.875,0.75,1.5,0.5373862981796265,"a"
0.375,0.4375,2.625,0.5055790543556213,0.5,0.375,1.125,0.5353472232818604,"a"
0.375,0.375,2.25,0.5171180367469788,0.75,0.8125,0.75,0.5059375166893005,"a"
0.5,0.5,1.25,0.49829861521720886,0.25,0.3125,2.125,0.4911387264728546,"h"
0.375,0.1875,1.5,0.44874998927116394,0.375,0.625,2.75,0.5648958086967468,"h"
0.875,0.5625,0.875,0.541979193687439,0.25,0.3125,2.25,0.4861451983451843,"h"
0.375,0.25,1.875,0.43986111879348755,0.375,0.4375,1.5,0.46177083253860474,"h"
0.125,0.25,2.625,0.5151459574699402,0.625,0.625,2.625,0.45402777194976807,"a"
0.625,0.5625,2.375,0.5195833444595337,0.25,0.4375,1.875,0.4612152874469757,"h"
0.375,0.375,0.625,0.4770486056804657,0.75,0.875,0.875,0.5421527624130249,"a"
0.625,0.5,1.5,0.507087767124176,0.25,0.5625,1.625,0.5111748576164246,"h"
0.5,0.4375,1.75,0.5367403030395508,0.625,0.8125,1,0.4558999240398407,"a"
0.625,0.625,1.625,0.4543854892253876,0.75,0.75,0.625,0.5350000262260437,"a"
0.625,0.4375,1.75,0.5038326978683472,0.125,0.25,1,0.48645833134651184,"a"
0.625,0.625,1.5,0.49493056535720825,0.5,0.6875,0.625,0.4901736080646515,"h"
0.5,0.4375,2.25,0.5046202540397644,0.5,0.375,0.875,0.49965277314186096,"a"
1,0.875,1.625,0.5134375095367432,0.5,0.5625,1.375,0.5220485925674438,"h"
0.625,0.5625,2,0.5236176252365112,0.25,0.5625,1.625,0.5093975067138672,"a"
0.875,0.6875,1.25,0.512048602104187,0.25,0.4375,2.125,0.45319443941116333,"h"
0.5,0.3125,1.625,0.47044962644577026,0.75,0.75,0.75,0.5357656478881836,"h"
0.375,0.375,2.625,0.5180208086967468,0.25,0.4375,1.875,0.4912152886390686,"h"
0.125,0.25,2.625,0.5172987580299377,0.375,0.3125,0.875,0.47902777791023254,"h"
0.5,0.4375,1.375,0.535009503364563,0.375,0.625,2.875,0.47165626287460327,"a"
0.5,0.375,1.875,0.5239930748939514,0.125,0.25,1.375,0.46567314863204956,"h"
0.5,0.4375,1.625,0.4826433062553406,0.75,0.8125,0.75,0.5258333086967468,"a"
0.375,0.375,2.375,0.4471520185470581,0.875,0.75,1.375,0.5487405061721802,"a"
0.625,0.625,1.5,0.5152778029441833,0.375,0.375,2.125,0.49780043959617615,"h"
0.875,0.75,1,0.4796527922153473,0.5,0.6875,2.625,0.570972204208374,"a"
0.25,0.25,1.625,0.4917721748352051,0.125,0.25,1.375,0.45759937167167664,"a"
0.5,0.4375,2,0.5296556353569031,0.625,0.5625,2,0.515173614025116,"a"
0.375,0.4375,2.375,0.5155096054077148,0.375,0.4375,2.375,0.4968055486679077,"h"
0.375,0.4375,1.125,0.5026041865348816,0.625,0.625,1.125,0.50822913646698,"h"
0.25,0.25,1.75,0.47329995036125183,0.625,0.625,2.5,0.4856249988079071,"a"
0.5,0.5,1,0.49437686800956726,0.625,0.75,1,0.46006470918655396,"h"
0.5,0.3125,1.375,0.4717708230018616,0.25,0.1875,2,0.4943487346172333,"h"
0.75,0.625,1.25,0.5156407952308655,0.5,0.5,1.25,0.5438888669013977,"a"
0.875,0.625,1,0.5489236116409302,0.375,0.375,1.375,0.45482638478279114,"h"
0.25,0.1875,1.875,0.43291667103767395,0.375,0.375,2.125,0.4838247001171112,"a"
0.75,0.5,1.75,0.4848024845123291,0.5,0.5625,2,0.5379514098167419,"h"
0.375,0.375,1.5,0.47528982162475586,0.625,0.8125,1,0.5286111235618591,"h"
0.375,0.375,0.5,0.48295140266418457,0.375,0.4375,2.25,0.49368056654930115,"a"
0.5,0.375,1.875,0.5215625166893005,0.25,0.375,0.875,0.49784722924232483,"a"
0.375,0.5,1.125,0.4944791793823242,0.5,0.4375,1,0.5083680748939514,"a"
0.75,0.75,0.75,0.503819465637207,0.25,0.375,2.125,0.46462714672088623,"h"
0.75,0.6875,1.375,0.5047222375869751,0.375,0.5,1.875,0.5069444179534912,"h"
0.875,0.5625,0.875,0.5254513621330261,0.125,0.375,2.5,0.4736458361148834,"h"
0.875,0.6875,1.375,0.5090625286102295,0.25,0.375,1.875,0.5143492817878723,"h"
0.875,0.8125,0.625,0.5006500482559204,0.75,0.6875,1,0.5434280037879944,"h"
0.375,0.375,2.375,0.488543838262558,0.75,0.5625,2,0.5368402600288391,"a"
0.625,0.5625,1.5,0.5199370980262756,0.5,0.6875,0.75,0.49086806178092957,"a"
1,0.8125,1.625,0.5143402814865112,0.5,0.625,1.375,0.480590283870697,"h"
0.625,0.5,1.375,0.4650452136993408,0.375,0.375,2.25,0.4879046082496643,"h"
0.5,0.375,1.625,0.48020654916763306,0.375,0.5625,1.375,0.456701397895813,"a"
0.5,0.3125,1.5,0.4778124988079071,0.5,0.5,1,0.5380208492279053,"a"
0.625,0.4375,1.375,0.4971919357776642,0.125,0.1875,0.875,0.47168007493019104,"h"
0.75,0.6875,1,0.44902777671813965,0.75,0.6875,2,0.5023958086967468,"a"
0.75,0.75,0.875,0.569766104221344,0.375,0.625,2.875,0.4779756963253021,"h"
0.625,0.375,1.75,0.4999625086784363,0.25,0.375,1.875,0.5203909277915955,"h"
0.375,0.4375,2.125,0.5023987293243408,0.375,0.375,1,0.4893749952316284,"a"
0.5,0.375,1.875,0.5212846994400024,0.375,0.625,1.5,0.5086740255355835,"a"
0.5,0.5,2.375,0.532035231590271,0.375,0.5625,2.625,0.5443077087402344,"h"
0.375,0.3125,1.75,0.49527913331985474,0.25,0.1875,2,0.48934873938560486,"h"
0.75,0.75,1.125,0.4982541799545288,0.75,0.75,1,0.5301753878593445,"a"
0.5,0.4375,2.375,0.4623256325721741,0.375,0.375,2.25,0.4844844341278076,"h"
0.375,0.3125,1.75,0.534801185131073,0.75,0.875,0.875,0.5193402767181396,"a"
0.875,0.6875,1.125,0.5147569179534912,0.25,0.375,1.5,0.45531249046325684,"h"
0.375,0.375,1.75,0.4833453893661499,0.25,0.3125,1.625,0.48645123839378357,"h"
0.625,0.4375,1.125,0.4954558312892914,0.25,0.375,2.25,0.4847910404205322,"h"
0.625,0.5,1.25,0.5240782499313354,0.75,0.5625,2.25,0.5330902934074402,"a"
0.125,0.125,2.125,0.4366319477558136,0.75,0.75,1,0.5127778053283691,"a"
0.125,0.1875,2.75,0.5190625190734863,0.5,0.6875,2.5,0.4747812747955322,"a"
0.5,0.5,2.5,0.5081437826156616,0.375,0.5,1.625,0.507502555847168,"a"
0.25,0.3125,2.375,0.49125218391418457,0.625,0.5625,1,0.5353124737739563,"a"
0.375,0.375,1,0.512048602104187,0.375,0.4375,1,0.48847222328186035,"a"
0.75,0.6875,0.875,0.4637152850627899,0.375,0.5625,1.25,0.47381943464279175,"h"
0.75,0.75,1,0.5501827597618103,0.375,0.5625,1.5,0.46753472089767456,"a"
0.75,0.75,1.25,0.530590295791626,0.125,0.3125,1.375,0.4512612223625183,"h"
0.5,0.3125,1.875,0.5024915337562561,0.625,0.625,1.875,0.5218750238418579,"a"
0.875,0.625,0.875,0.5330902934074402,0.625,0.6875,1.25,0.5087517499923706,"h"
0.375,0.375,2.5,0.5049999952316284,0.5,0.4375,1.125,0.5432639122009277,"a"
0.5,0.375,2,0.5174999833106995,0.375,0.375,2.125,0.49167191982269287,"h"
0.75,0.75,1,0.5107541680335999,0.25,0.4375,2.125,0.4548354744911194,"h"
0.5,0.625,1,0.48152777552604675,0.5,0.625,1.125,0.4730161130428314,"h"
0.625,0.5,1.125,0.5263699293136597,0.125,0.3125,1.75,0.455323725938797,"h"
0.875,0.6875,0.875,0.5452430844306946,0.75,0.75,1.125,0.54710853099823,"h"
0.5,0.375,2,0.4553811848163605,0.125,0.125,1.125,0.47862452268600464,"h"
0.75,0.5625,1.375,0.4984722137451172,0.25,0.25,2.25,0.49541667103767395,"h"
0.625,0.625,0.75,0.5006268620491028,0.5,0.5,1.125,0.5106944441795349,"h"
0.25,0.25,2.25,0.5212594866752625,0.625,0.625,1.5,0.5330902934074402,"a"
0.875,0.625,1.375,0.48622608184814453,0.5,0.6875,0.875,0.49975693225860596,"h"
0.875,0.8125,1.375,0.5097222328186035,0.5,0.4375,1.875,0.492522656917572,"a"
0.5,0.4375,1.375,0.44737160205841064,0.5,0.4375,0.875,0.5070486068725586,"a"
0.875,0.8125,1.125,0.5400347113609314,0.125,0.125,1.875,0.47990429401397705,"h"
0.375,0.4375,2.125,0.49719035625457764,0.125,0.25,1.5,0.4860069453716278,"h"
0.75,0.6875,0.75,0.519409716129303,0.125,0.3125,2.375,0.4644791781902313,"h"
1,0.6875,0.75,0.5450000166893005,0.375,0.4375,1.125,0.48104166984558105,"h"
0.875,0.8125,1.25,0.5427083373069763,0.5,0.625,1.125,0.4899952709674835,"h"
0.375,0.3125,2.25,0.5027777552604675,0.75,0.75,1.375,0.5267361402511597,"a"
0.25,0.375,1.875,0.48369261622428894,0.5,0.75,1.375,0.5017295479774475,"a"
0.625,0.625,1.5,0.5116732120513916,0.75,0.625,2.375,0.5248958468437195,"h"
0.5,0.3125,1.375,0.48444443941116333,0.375,0.5,1.75,0.47049522399902344,"a"
0.25,0.25,2.125,0.5346275568008423,0.375,0.625,1.875,0.4536111056804657,"h"
0.875,0.6875,0.875,0.5402083396911621,0.125,0.25,1.625,0.5015624761581421,"h"
0.125,0.125,2.25,0.46118056774139404,0.25,0.1875,1.5,0.4816751480102539,"a"
0.375,0.375,2.625,0.5072222352027893,0.5,0.4375,1.875,0.4948490560054779,"h"
0.625,0.5,1.125,0.47726741433143616,0.625,0.75,1.125,0.5125347375869751,"h"
0.5,0.4375,1.375,0.5042518973350525,0.375,0.4375,1.375,0.49211806058883667,"a"
0.5,0.4375,1.5,0.47433850169181824,0,0.25,2.375,0.47093749046325684,"h"
0.75,0.6875,0.625,0.5381944179534912,0.5,0.6875,1.125,0.4742708206176758,"h"
0.5,0.5,2.25,0.5166854858398438,0.25,0.5,2,0.44604167342185974,"h"
0.625,0.625,1,0.4898976981639862,0.25,0.25,1.875,0.488506942987442,"a"
0.25,0.375,2.125,0.4551764726638794,0.75,0.75,1.25,0.5330113172531128,"a"
0.875,0.8125,0.875,0.4989139139652252,0.375,0.375,2.5,0.5137552618980408,"h"
0.875,0.75,1.375,0.5047569274902344,0.375,0.4375,1.25,0.480243057012558,"h"
0.75,0.625,1,0.4699999988079071,0.125,0.3125,1.625,0.46011537313461304,"h"
0.5,0.375,1.75,0.4967361092567444,0.5,0.375,0.75,0.5302430391311646,"h"
0.625,0.625,1.875,0.5046592950820923,0.25,0.5625,2.25,0.4538888931274414,"h"
1,0.75,1.125,0.5261805653572083,0.5,0.5625,1.125,0.5110416412353516,"h"
0.75,0.75,1.25,0.5422606468200684,0.375,0.4375,1,0.4952485263347626,"h"
0.875,0.6875,0.875,0.5363888740539551,0.5,0.5625,1.375,0.4660416543483734,"a"
0.25,0.25,2.375,0.5113541483879089,0.375,0.4375,1.25,0.5058333277702332,"h"
0.125,0.1875,2,0.4607660472393036,0.5,0.375,1.375,0.5635069608688354,"a"
0.5,0.25,1.75,0.5126651525497437,0.25,0.25,1.875,0.5167450904846191,"h"
0.25,0.375,1.25,0.4911110997200012,0.5,0.5625,1.625,0.5120859146118164,"a"
0.75,0.5,1.75,0.511145830154419,0.875,0.875,1.625,0.5038541555404663,"a"
0.5,0.3125,1.75,0.5002096891403198,0.125,0.125,1,0.4645380973815918,"h"
1,0.75,0.875,0.5493055582046509,0.5,0.625,1.875,0.4885087013244629,"h"
0.5,0.625,0.875,0.48711806535720825,0.375,0.4375,2.75,0.5221201777458191,"h"
0,0.125,2.625,0.4347938299179077,0.25,0.25,1.125,0.485609233379364,"a"
0.75,0.625,0.875,0.47093749046325684,0.625,0.6875,1.125,0.5307890772819519,"h"
0.625,0.6875,1,0.480798602104187,0.5,0.75,1.5,0.4890972077846527,"h"
0.625,0.5,1.75,0.5256438255310059,0.375,0.4375,1.125,0.4812152683734894,"h"
0.625,0.5625,1.375,0.47080305218696594,0.5,0.6875,1.25,0.5144444704055786,"h"
0.75,0.5,1.625,0.4989235997200012,0.25,0.375,1.875,0.4641084372997284,"a"
0.5,0.4375,2.375,0.5304514169692993,0.25,0.375,1.75,0.47871464490890503,"h"
0.875,0.8125,0.875,0.49308058619499207,0.5,0.375,1.75,0.4949532151222229,"h"
0.75,0.625,1.125,0.503819465637207,0,0.25,2.5,0.4503472149372101,"h"
0.625,0.5,1.75,0.46090200543403625,0.375,0.3125,1.375,0.5520486235618591,"h"
0.625,0.5625,1,0.5070157647132874,0.375,0.3125,1.875,0.5025672912597656,"a"
0.375,0.4375,1.5,0.5106717944145203,0.25,0.5,2.25,0.43888887763023376,"h"
0.625,0.5625,0.75,0.5117360949516296,0.625,0.75,1.875,0.49953821301460266,"a"
1,0.75,1.125,0.56229168176651,0,0.0625,1.375,0.4641561806201935,"h"
0.375,0.375,2,0.49359217286109924,0.75,0.6875,1,0.5409722328186035,"a"
1,0.9375,1.375,0.5574305653572083,0.125,0.3125,1.625,0.5057638883590698,"h"
0.375,0.375,1.625,0.4704149067401886,0.625,0.625,1.75,0.4993767738342285,"a"
0.625,0.4375,1.875,0.5094791650772095,0.375,0.5625,1.5,0.4852730333805084,"h"
0.625,0.4375,1.125,0.4929513931274414,0.625,0.625,2.375,0.5277083516120911,"h"
0.375,0.375,2.375,0.5369539260864258,0.625,0.625,1.375,0.5354514122009277,"h"
0.625,0.625,1.625,0.5442389845848083,0.625,0.8125,1.25,0.4949595630168915,"a"
0.125,0.0625,2.375,0.4501041769981384,0.75,0.8125,1.5,0.5209965705871582,"a"
0.375,0.3125,2,0.5317708253860474,0.125,0.4375,2.625,0.42184028029441833,"h"
0.75,0.5,1.375,0.47826388478279114,0.375,0.375,2.75,0.5225368738174438,"h"
0.25,0.375,1.5,0.504444420337677,0.125,0.3125,2.625,0.4312500059604645,"a"
0.625,0.5,1.5,0.4738992750644684,0.25,0.375,2.75,0.5107735991477966,"h"
1,0.9375,1.25,0.5489930510520935,0.25,0.125,1.5,0.49097222089767456,"h"
0.375,0.25,1.875,0.5181610584259033,0.625,0.625,1.125,0.5090277791023254,"a"
0.375,0.375,1.75,0.4766000807285309,0.375,0.5,1.125,0.5070833563804626,"h"
0.75,0.625,1.375,0.5036110877990723,0.875,0.875,1.375,0.5259027481079102,"a"
0.75,0.625,1.125,0.5129513740539551,0.375,0.5,1.625,0.4605555534362793,"h"
0.625,0.4375,1,0.49802082777023315,0.125,0.375,1.75,0.4676382541656494,"h"
0.5,0.5625,2,0.48261070251464844,0.625,0.6875,1.625,0.523613691329956,"a"
0.75,0.6875,1.125,0.5053125023841858,0.75,0.8125,1.375,0.515381932258606,"h"
1,0.75,0.875,0.5264583230018616,0.25,0.3125,1.75,0.5003125071525574,"h"
0.875,0.8125,1,0.5225694179534912,0.5,0.75,1.125,0.4857929050922394,"h"
0.625,0.5,1.125,0.4594097137451172,0.5,0.625,1.5,0.5155508518218994,"a"
0.625,0.375,1.875,0.49947917461395264,0.375,0.1875,1.25,0.5027083158493042,"a"
0.375,0.375,1.5,0.490588515996933,0,0.0625,1.625,0.4550255537033081,"h"
0.5,0.4375,1.75,0.47112151980400085,0.375,0.375,1.125,0.4816508889198303,"a"
0.5,0.3125,2.125,0.5009637475013733,0.5,0.4375,1.125,0.5322569608688354,"h"
0.625,0.5,1.25,0.5155048966407776,1,1,1.5,0.5213194489479065,"a"
0.375,0.25,1.5,0.5143055319786072,0.375,0.375,1.75,0.5527777671813965,"h"
0.75,0.6875,0.375,0.5083680748939514,0.5,0.5625,1.5,0.5278724431991577,"h"
0.625,0.5625,1.125,0.5283680558204651,0.375,0.4375,2.5,0.49562498927116394,"a"
0.5,0.5625,1.625,0.5025065541267395,0,0.3125,2.75,0.42055556178092957,"h"
0.625,0.5625,0.875,0.46173611283302307,0.5,0.75,1.75,0.4961458444595337,"a"
0.5,0.3125,2,0.4829671084880829,0.625,0.6875,2.25,0.5409564971923828,"a"
0.5,0.375,1.25,0.4925694465637207,0.375,0.375,1.375,0.5171180367469788,"a"
0.625,0.5625,1.75,0.5508014559745789,0.5,0.4375,1,0.46340277791023254,"a"
0.5,0.4375,1.625,0.5147569179534912,0.125,0.25,1.625,0.5006944537162781,"h"
0.625,0.4375,1.375,0.45836806297302246,0.625,0.5,0.875,0.5318750143051147,"a"
0.5,0.4375,2.375,0.5293055772781372,0.5,0.4375,2.625,0.5347591042518616,"a"
0.125,0.3125,1.375,0.5189236402511597,0.5,0.25,1.125,0.4875694513320923,"a"
1,1,1.5,0.535486102104187,0,0.0625,1.75,0.4559630751609802,"h"
1,0.75,1.125,0.5776388645172119,0.375,0.4375,1,0.49469295144081116,"h"
0.875,0.8125,0.875,0.5007291436195374,0.5,0.625,1.75,0.527571976184845,"h"
0.75,0.6875,0.5,0.5131596922874451,0.125,0.3125,2.875,0.42954862117767334,"h"
0.625,0.5,1.25,0.49930083751678467,0.5,0.5625,1.375,0.5136458277702332,"h"
0.5,0.4375,1,0.4868778586387634,0.625,0.75,1.5,0.5003125071525574,"h"
0.375,0.25,2.125,0.5090978741645813,0.625,0.8125,1.25,0.48513317108154297,"a"
0.625,0.5625,1.25,0.5064235925674438,0.375,0.25,1.875,0.49509212374687195,"h"
0.5,0.5625,1.375,0.5296301245689392,0.5,0.4375,1.25,0.45104166865348816,"h"
0.25,0.3125,2.25,0.5365372896194458,0.75,0.75,1.75,0.5314425826072693,"a"
1,0.75,0.625,0.534375011920929,0.25,0.375,1.625,0.46841397881507874,"h"
0.125,0.0625,2.125,0.4469791650772095,0.5,0.5,1.625,0.5665972232818604,"a"
0.625,0.5,1.375,0.5171874761581421,0.375,0.5,1.375,0.5209279656410217,"h"
0.5,0.4375,1.5,0.4660416543483734,0.25,0.375,1.625,0.4811452031135559,"a"
0.5,0.4375,2.5,0.5418342351913452,0.75,0.8125,1.25,0.4868810772895813,"h"
0,0.25,2.625,0.4192708432674408,0.5,0.5625,1.25,0.49909722805023193,"a"
0.625,0.5625,1,0.5184046626091003,0.5,0.5,1.375,0.5147569179534912,"h"
0.5,0.4375,2,0.46204861998558044,0.625,0.6875,1.75,0.49694621562957764,"a"
0.375,0.4375,2.125,0.4890088140964508,0.375,0.5,1.5,0.5102383494377136,"h"
0.875,0.75,1,0.5151388645172119,0.875,0.9375,1.5,0.5250694155693054,"h"
0.625,0.3125,1.75,0.5014930367469788,0.25,0.4375,2.25,0.43743056058883667,"h"
0.125,0.25,1.5,0.5016319155693054,0.625,0.5625,0.875,0.5524652600288391,"a"
0.375,0.375,2.25,0.5479608774185181,0.375,0.5,1.125,0.48076388239860535,"h"
0.125,0.0625,2,0.4615972340106964,0.625,0.6875,1.875,0.49114760756492615,"a"
0.75,0.5625,1.25,0.5410416722297668,0.25,0.375,1.75,0.4668862223625183,"h"
0.875,0.8125,1,0.4983333349227905,0.25,0.375,1.875,0.4734722077846527,"h"
0.75,0.625,0.875,0.5254513621330261,0.125,0.3125,1.75,0.47701388597488403,"h"
0,0.25,3,0.40850692987442017,0.125,0.375,2.375,0.43791666626930237,"a"
0.5,0.3125,1.5,0.5103124976158142,0.375,0.375,2.625,0.5190993547439575,"h"
0.875,0.8125,1.125,0.49975693225860596,0.375,0.4375,2.375,0.5153472423553467,"h"
0.5,0.3125,2,0.4990277886390686,0.375,0.5,1.5,0.5088194608688354,"h"
1,0.9375,1.75,0.5423611402511597,0.5,0.5625,1.5,0.503819465637207,"h"
0.5,0.375,1.125,0.44624999165534973,0.5,0.75,1.75,0.5126736164093018,"a"
0.375,0.4375,1.625,0.5137482285499573,0.75,0.875,1,0.4779804050922394,"a"
0.625,0.4375,1.125,0.4620470404624939,0.625,0.75,2.25,0.5309580564498901,"h"
0.375,0.25,2.125,0.4727240800857544,0.5,0.625,0.625,0.478005051612854,"a"
0.625,0.625,1.375,0.550532877445221,0.25,0.4375,2,0.4893749952316284,"h"
0.75,0.5625,1,0.4998216927051544,0.25,0.375,2.25,0.4529514014720917,"h"
0.625,0.5,2.25,0.5402716994285583,0.5,0.625,1.875,0.5375025868415833,"h"
0.375,0.4375,1.625,0.5173940658569336,0.375,0.4375,1.25,0.48941516876220703,"a"
0.75,0.625,1.125,0.5206266641616821,0.5,0.5,1.625,0.5393404960632324,"h"
0.5,0.3125,1.5,0.52385413646698,0.625,0.3125,0.75,0.46819445490837097,"a"
1,0.875,1.5,0.5591367483139038,0.25,0.1875,1.75,0.5051220059394836,"h"
0.625,0.4375,1.125,0.4975000023841858,0.25,0.4375,1.75,0.5144397020339966,"h"
0.875,0.8125,1.125,0.5019097328186035,0.25,0.3125,2.75,0.5106619000434875,"h"
0.5,0.4375,1.75,0.5464959144592285,0.625,0.75,1.25,0.4753819406032562,"a"
0.875,0.6875,0.625,0.5294791460037231,0.5,0.5,1.25,0.5067014098167419,"a"
0.625,0.4375,0.875,0.4498611092567444,0.5,0.625,1.5,0.5230555534362793,"h"
0.5,0.375,0.625,0.4893749952316284,0.875,0.9375,1,0.4853067994117737,"a"
0.625,0.4375,1.25,0.47693732380867004,0.5,0.6875,2.25,0.5298193097114563,"h"
0.5,0.5,1.25,0.5081662535667419,0.375,0.375,1.5,0.5023611187934875,"a"
0.75,0.625,0.75,0.5313541889190674,0.75,0.375,0.75,0.46590277552604675,"a"
0.75,0.6875,1.625,0.5036110877990723,0.5,0.4375,1.25,0.4562152624130249,"a"
0.625,0.375,1.875,0.511388897895813,0,0.25,1.75,0.49861112236976624,"h"
0.375,0.3125,2.125,0.4976041615009308,0.125,0.25,1.75,0.47447916865348816,"h"
0.5,0.4375,1.875,0.4779166579246521,0.125,0.125,1.875,0.46357637643814087,"a"
0.75,0.6875,0.75,0.5143055319786072,0.625,0.625,1.125,0.5459027886390686,"a"
0.625,0.375,2.25,0.504027783870697,0.25,0.375,1.375,0.5197569727897644,"h"
0.375,0.4375,0.75,0.5068084001541138,0.875,0.9375,1.375,0.5070139169692993,"a"
0.75,0.625,0.875,0.550694465637207,0.375,0.5625,1.125,0.46656250953674316,"h"
0.125,0.1875,1.625,0.5255555510520935,0.25,0.4375,2,0.4736805558204651,"h"
0.5,0.4375,1.25,0.48086804151535034,0.75,0.75,0.75,0.4742708206176758,"a"
0.5,0.3125,1.875,0.4791823923587799,0.25,0.4375,2.875,0.5012847185134888,"h"
0.5,0.5,1,0.48778191208839417,0.125,0.375,2,0.515660285949707,"h"
0.875,0.6875,1.25,0.4942361116409302,0.25,0.4375,2.125,0.47864583134651184,"h"
0.375,0.3125,2,0.5348986983299255,0.125,0.3125,1.375,0.49475693702697754,"a"
0.125,0.125,1.875,0.46135416626930237,0.25,0.4375,2.75,0.44739583134651184,"a"
0.625,0.4375,1.125,0.46326231956481934,0.5,0.4375,1.375,0.5395488142967224,"h"
0.125,0.4375,2.75,0.39656248688697815,0.375,0.5625,1.625,0.527222216129303,"h"
0.5,0.375,1.75,0.49638888239860535,0.375,0.375,1.625,0.5068055391311646,"h"
0.25,0.25,1.625,0.5309722423553467,0.25,0.375,2.25,0.4772569537162781,"h"
1,0.9375,1.75,0.5349305272102356,0.5,0.625,0.625,0.4806250035762787,"h"
0.875,0.6875,1,0.5605902671813965,0.5,0.625,1.75,0.4812517762184143,"h"
1,0.9375,1.25,0.5376089811325073,0.25,0.4375,2.375,0.4772222340106964,"h"
0.75,0.4375,1.875,0.5332291722297668,0.375,0.5625,2,0.5011458396911621,"h"
0.75,0.6875,1.125,0.5456717610359192,0.625,0.75,1.5,0.4907699525356293,"h"
0.375,0.3125,0.625,0.5049999952316284,0.5,0.6875,1.875,0.5325720310211182,"a"
0.625,0.375,1.25,0.49245816469192505,0.125,0.375,3,0.4917013943195343,"h"
0.5,0.375,1.5,0.48260417580604553,0.375,0.4375,1.75,0.5255576968193054,"a"
0.375,0.375,2.75,0.5537847280502319,0.25,0.25,1.375,0.4974604547023773,"a"
0.25,0.25,1.75,0.5183617472648621,0.25,0.1875,1.625,0.4819791615009308,"a"
0.75,0.625,1.375,0.535486102104187,0.5,0.4375,1.375,0.5274307727813721,"a"
0.625,0.4375,1.125,0.4699290096759796,0.75,0.75,1.25,0.5613541603088379,"a"
0.5,0.5,1.25,0.5109357237815857,0.5,0.5,1.375,0.5189236402511597,"h"
0.75,0.5,1.75,0.5143749713897705,0.625,0.6875,0.5,0.4759722352027893,"h"
0.5,0.3125,1.625,0.5169791579246521,0.375,0.4375,1.25,0.49479711055755615,"a"
0.625,0.375,2,0.5320485830307007,0.375,0.5625,1.25,0.4694444537162781,"a"
0.875,0.75,1.375,0.49604547023773193,0.75,0.875,1.625,0.514440655708313,"h"
0.625,0.5,1.25,0.5205572247505188,0.625,0.6875,1.75,0.48152777552604675,"a"
0.5,0.4375,3.125,0.5596180558204651,0.375,0.5,2.125,0.4819444417953491,"h"
0.75,0.5625,1.125,0.49777308106422424,0.125,0.3125,1.375,0.4915277659893036,"h"
0.75,0.4375,1,0.5013817548751831,0.25,0.375,1.375,0.5166341066360474,"h"
0.875,0.8125,1.25,0.5555208325386047,0.25,0.25,1.5,0.4954465627670288,"h"
0.375,0.3125,1.875,0.47409722208976746,0.375,0.25,1.75,0.4949652850627899,"a"
0.75,0.6875,1.5,0.49204862117767334,0.375,0.4375,1.5,0.5016721487045288,"h"
0.625,0.5625,1.5,0.5244791507720947,0.75,0.875,1.75,0.513989269733429,"a"
0.625,0.4375,1,0.4449729323387146,0.5,0.5,1.25,0.5111034512519836,"h"
0.625,0.375,2,0.5208967328071594,0.375,0.5,1.75,0.5026736259460449,"a"
0.25,0.5,2.375,0.40621528029441833,0.25,0.5,3,0.46552082896232605,"h"
0.5,0.3125,1.75,0.46380046010017395,0.25,0.3125,2.125,0.49177083373069763,"a"
0.75,0.6875,0.875,0.5212846994400024,0.375,0.4375,1.25,0.4510763883590698,"h"
0.125,0.1875,1.875,0.5040562152862549,0.625,0.75,1.5,0.499519944190979,"a"
0.375,0.4375,1.125,0.5110416412353516,0.5,0.6875,2.25,0.5131526589393616,"a"
0.5,0.4375,1.25,0.5305572152137756,0.25,0.4375,2.5,0.42791667580604553,"a"
1,0.9375,1.125,0.5359076261520386,0.5,0.6875,1.375,0.5172247886657715,"h"
0.125,0.25,1.75,0.4514583349227905,0.125,0.125,1.625,0.5230208039283752,"h"
0.875,0.5,1.125,0.5238123536109924,0.125,0.375,2.375,0.4944930672645569,"h"
0.875,0.6875,1.25,0.5087847113609314,0.625,0.6875,0.375,0.46628472208976746,"h"
1,0.8125,1.125,0.49302464723587036,0.125,0.25,1.875,0.47690972685813904,"h"
0.625,0.375,1.625,0.5027717351913452,0.125,0.3125,1.375,0.4946180582046509,"h"
0.875,0.6875,1,0.5517361164093018,0.625,0.75,1.125,0.5507639050483704,"h"
0.375,0.5625,1.875,0.42520833015441895,0.375,0.4375,1.75,0.4887152910232544,"h"
0.5,0.375,1.625,0.5139532089233398,0.5,0.5625,1.75,0.5003176331520081,"a"
0.375,0.3125,1.875,0.5344791412353516,0.125,0.3125,2,0.4626736044883728,"h"
0.375,0.375,1.375,0.5172914266586304,0.625,0.625,0.625,0.49656251072883606,"a"
1,0.875,1.625,0.5467361211776733,0.375,0.4375,1.5,0.4851096272468567,"h"
0.75,0.5,1.75,0.5276041626930237,0.25,0.375,1.25,0.45288193225860596,"h"
0.5,0.5,1,0.5323610901832581,0.25,0.4375,2.5,0.4321180582046509,"h"
0.75,0.6875,1,0.5253124833106995,0.75,0.875,1,0.47857722640037537,"h"
0.625,0.5,0.75,0.5309930443763733,0.25,0.3125,2.25,0.4964583218097687,"h"
0.625,0.5625,1,0.5034003853797913,0.25,0.5,1.125,0.4550347328186035,"h"
0.875,0.8125,1.625,0.5127430558204651,0.5,0.5,1.375,0.545486330986023,"a"
0.375,0.3125,0.875,0.4944097101688385,0.25,0.3125,2.375,0.5060763955116272,"h"
0.375,0.25,1.875,0.47718751430511475,0.5,0.5625,1.5,0.5250965356826782,"a"
0.75,0.6875,1.375,0.49579861760139465,0.125,0.125,1.75,0.5180902481079102,"h"
0.125,0.25,2,0.4471527636051178,0.25,0.375,2.125,0.4714583456516266,"a"
0.625,0.5625,1.125,0.455380380153656,0.5,0.75,1.5,0.4952491223812103,"h"
0.625,0.375,1,0.46191737055778503,0.625,0.5,0.75,0.4528124928474426,"h"
0.5,0.375,2.375,0.5244097113609314,0.75,0.875,1.125,0.48902860283851624,"a"
0.5,0.375,1.25,0.5090625286102295,0.5,0.6875,1.25,0.5211831331253052,"h"
0.375,0.3125,1.5,0.5015277862548828,0.625,0.6875,1.5,0.5015624761581421,"a"
0.375,0.375,1.625,0.4840961992740631,0.375,0.5625,2,0.4721190631389618,"a"
0.875,0.75,1.25,0.5497569441795349,0.125,0.375,2.5,0.4848611056804657,"h"
0.5,0.3125,2.25,0.5407986044883728,0.75,0.6875,0.625,0.5090277791023254,"a"
0.625,0.4375,1.25,0.49371272325515747,0.375,0.5,2,0.47142359614372253,"a"
0.625,0.4375,1.375,0.5136407017707825,0.375,0.625,2,0.513465166091919,"h"
0.5,0.4375,3.125,0.56229168176651,0.25,0.5625,1.75,0.515210747718811,"a"
0.5,0.375,1.75,0.48223796486854553,0.5,0.5625,1.75,0.49847736954689026,"h"
0.875,0.75,1.125,0.5295138955116272,0.375,0.625,1.5,0.5205903053283691,"h"
1,0.6875,1.25,0.5290277600288391,0,0.3125,2.75,0.464701384305954,"h"
0.125,0.125,1.875,0.5163131356239319,0.75,0.8125,1.625,0.4964198172092438,"a"
0.125,0.25,1.75,0.4300000071525574,0.5,0.4375,1.375,0.5060471296310425,"a"
0.625,0.6875,1.625,0.5022569298744202,0.625,0.6875,0.375,0.488506942987442,"a"
0.75,0.4375,1.375,0.508743941783905,0.125,0.25,2,0.4788888990879059,"h"
0.5,0.5625,1.75,0.42461806535720825,0.375,0.5,1.75,0.5157562494277954,"h"
0.625,0.4375,1.25,0.518541693687439,0.25,0.3125,1.125,0.4906548857688904,"h"
0.25,0.25,1.5,0.5180206298828125,0.375,0.5,1,0.4543055593967438,"a"
0.5,0.4375,3,0.5783794522285461,0.375,0.4375,2.75,0.4441552758216858,"a"
0.875,0.8125,1.25,0.5097617506980896,0.5,0.625,2.25,0.5001398921012878,"a"
0.5,0.4375,1,0.5287708044052124,0.375,0.5,1.375,0.5172222256660461,"a"
0.625,0.5625,1.125,0.5578472018241882,0.125,0.3125,1.5,0.48836806416511536,"h"
0.75,0.5,1.625,0.500235915184021,0.5,0.75,1.25,0.5047283172607422,"a"
0.75,0.6875,1,0.5117360949516296,0.125,0.25,2.5,0.4997916519641876,"h"
0.375,0.25,1,0.5079861283302307,0.625,0.75,1.25,0.5333680510520935,"a"
0.625,0.5,1.125,0.4997197985649109,0.5,0.5,2.125,0.48614582419395447,"a"
1,0.6875,1.75,0.5490278005599976,0.25,0.5,2,0.495210736989975,"h"
0.625,0.5,1.5,0.5132291913032532,0.75,0.625,0.75,0.4554513990879059,"a"
0.75,0.6875,1.375,0.5010416507720947,0.375,0.25,1.625,0.4824305474758148,"h"
0.5,0.5,1.5,0.4497901201248169,0.25,0.5,2.25,0.48500001430511475,"a"
0.625,0.3125,1.25,0.4524729251861572,0.375,0.4375,1.25,0.4915972352027893,"h"
1,0.75,1.25,0.4870871305465698,0.25,0.375,1.625,0.4662500023841858,"h"
1,0.6875,0.875,0.5686458349227905,0.125,0.25,1.125,0.47756463289260864,"h"
0.5,0.4375,2.75,0.5246180295944214,0.125,0.1875,2.75,0.5039235949516296,"h"
0.625,0.5,1.625,0.5135018229484558,0.125,0.25,1.75,0.47902777791023254,"h"
0.375,0.4375,1.75,0.4936795234680176,0.125,0.125,2,0.5157986283302307,"h"
0.75,0.625,1.625,0.5284722447395325,0.75,0.75,1.25,0.5074305534362793,"a"
0.375,0.25,2.25,0.5083333253860474,0.75,0.8125,1.625,0.48999619483947754,"a"
0.625,0.5625,1.25,0.5565128326416016,0.75,0.6875,0.625,0.5224454998970032,"h"
0.875,0.8125,1.25,0.5115326046943665,0.25,0.4375,1.375,0.4511111080646515,"h"
0.875,0.8125,1.25,0.5044839978218079,0.5,0.5,2,0.4970833361148834,"h"
0.375,0.25,1.125,0.5082903504371643,0.25,0.625,1.5,0.5142790675163269,"h"
0.625,0.4375,1.75,0.49797898530960083,0.5,0.75,1.625,0.5176318287849426,"a"
0.5,0.4375,1.375,0.5005868673324585,0.375,0.4375,1.75,0.4710426330566406,"a"
0.125,0.125,1.75,0.5124991536140442,0.125,0.1875,2.875,0.5109722018241882,"h"
0.5,0.625,2,0.4898611009120941,0.5,0.4375,1.375,0.5137901902198792,"a"
0.5,0.5,1.625,0.4656234383583069,0.375,0.6875,1.125,0.48771440982818604,"h"
0.75,0.5,1.375,0.5138828158378601,0.125,0.25,1.25,0.4724999964237213,"h"
0.625,0.6875,2,0.4476388990879059,0.375,0.25,1.75,0.48458331823349,"h"
0.75,0.5625,1.5,0.5269740223884583,0.125,0.25,1.75,0.47513890266418457,"h"
0.5,0.375,1.25,0.5250694155693054,0.125,0.375,2.25,0.47428470849990845,"a"
0.5,0.4375,1.875,0.5012152791023254,0.875,0.8125,0.625,0.5185069441795349,"a"
0.375,0.25,1.625,0.496111124753952,0.75,0.8125,1.125,0.5365277528762817,"a"
0.875,0.8125,1.375,0.5256597399711609,0.5,0.625,0.625,0.47013887763023376,"h"
0.5,0.4375,2.75,0.5778586268424988,0.375,0.4375,2.25,0.44644695520401,"h"
0.75,0.625,1.75,0.5295138955116272,0.375,0.5,1.25,0.5202779769897461,"h"
0.625,0.4375,1.75,0.5099234580993652,0.375,0.5625,1.5,0.5181249976158142,"h"
0.625,0.5,1.5,0.49564072489738464,0.375,0.4375,1.875,0.4953523576259613,"h"
1,0.875,0.875,0.5285763740539551,0.375,0.4375,1.5,0.495763897895813,"h"
1,0.75,1.75,0.5436458587646484,0.125,0.25,2.625,0.5043749809265137,"h"
0.5,0.3125,1.5,0.4791666567325592,0.125,0.5625,1.75,0.5055984854698181,"h"
0.625,0.375,1.375,0.44684791564941406,0.375,0.6875,1.125,0.48962411284446716,"a"
0.5,0.4375,2.75,0.5256944298744202,0.625,0.6875,2,0.49201491475105286,"a"
0.25,0.375,2,0.46697813272476196,0.5,0.5,0.875,0.4738888740539551,"a"
0.375,0.25,1.125,0.5423261523246765,0.375,0.25,1.5,0.4711805582046509,"h"
0.75,0.5625,1.125,0.5956100225448608,0.625,0.75,1.125,0.4630216658115387,"h"
0.375,0.25,1.375,0.48326388001441956,0.375,0.4375,1.375,0.4560416638851166,"a"
0.875,0.8125,1.125,0.5014235973358154,0.625,0.5625,0.625,0.5323066115379333,"h"
0.5,0.5,1,0.52269446849823,0.25,0.5,1.875,0.47756943106651306,"h"
0.25,0.1875,2.625,0.4866666793823242,0.125,0.125,1.875,0.5201388597488403,"a"
0.625,0.75,1.5,0.5018749833106995,0.375,0.4375,1.75,0.5044020414352417,"a"
0.625,0.5625,1.625,0.519861102104187,0.75,0.6875,0.625,0.4369097352027893,"a"
0.5,0.3125,1.5,0.515165388584137,0.125,0.25,1.5,0.47697433829307556,"h"
0.5,0.4375,1.25,0.50005042552948,0.5,0.625,1.125,0.526944637298584,"a"
1,0.75,1.375,0.5448611378669739,0.5,0.375,1.625,0.5183680653572083,"h"
0.375,0.25,1.5,0.47486111521720886,0.375,0.5,1.875,0.4892038106918335,"a"
0.5,0.4375,2.75,0.5911919474601746,0.5,0.5,1.625,0.47611111402511597,"h"
0.125,0.25,1.875,0.41843751072883606,0.5,0.5625,0.5,0.47100692987442017,"a"
1,0.6875,1.25,0.49871906638145447,0.125,0.1875,1.375,0.480451375246048,"h"
1,0.5625,0.75,0.5652430653572083,0.125,0.375,1.875,0.4680694341659546,"h"
0.625,0.5,2.375,0.5354514122009277,0.125,0.125,2.125,0.5135416388511658,"h"
0.75,0.75,1.5,0.45663195848464966,0,0.1875,2.875,0.5259027481079102,"h"
0.5,0.4375,1.375,0.534618079662323,0.625,0.5625,1,0.47642362117767334,"a"
0.75,0.6875,1.5,0.5268750190734863,0.75,0.6875,0.375,0.5197222232818604,"h"
0.5,0.4375,1.625,0.47097066044807434,0.625,0.5625,0.875,0.5210219025611877,"a"
0.875,0.75,1.125,0.5089538097381592,0.625,0.75,1.75,0.48424166440963745,"h"
0.875,0.8125,0.875,0.5047569274902344,0.5,0.625,1.25,0.5143749713897705,"a"
0.625,0.4375,1.5,0.5089870095252991,0.5,0.5,1.375,0.5042979121208191,"a"
0.375,0.1875,1.625,0.5246525406837463,0.5,0.5625,2,0.47575250267982483,"a"
0.75,0.5625,1.625,0.5136039853096008,0.75,0.8125,0.75,0.5334722399711609,"h"
0.375,0.4375,1.125,0.5126702189445496,0.5,0.5,1.375,0.46000000834465027,"a"
0.25,0.1875,1.75,0.5073958039283752,0.375,0.4375,1.875,0.4740634858608246,"h"
0.75,0.625,1.625,0.5444096922874451,0.5,0.375,1.75,0.49965277314186096,"h"
0.625,0.375,1.375,0.46625766158103943,0.125,0.3125,2.625,0.4835069477558136,"h"
0.625,0.4375,1.5,0.5109314322471619,0.375,0.4375,1.375,0.5084375143051147,"a"
0.25,0.1875,2.875,0.4798611104488373,0.375,0.4375,2.125,0.49840790033340454,"a"
0.75,0.625,1,0.5391615033149719,0.25,0.3125,1.5,0.474404901266098,"a"
0.75,0.625,1,0.5859919786453247,0.375,0.25,1.5,0.48343750834465027,"h"
0.75,0.75,1.375,0.5408333539962769,0.75,0.75,1.125,0.4183333218097687,"h"
0.5,0.5625,1.75,0.5038889050483704,0.125,0.5625,1.875,0.49955683946609497,"h"
0.5,0.5625,1.625,0.4909375011920929,0.375,0.6875,1.25,0.4850755035877228,"h"
0.5,0.5,1.125,0.5133888721466064,0.125,0.375,1.875,0.4858124852180481,"h"
0.875,0.8125,1.25,0.49140581488609314,0.5,0.4375,1.75,0.5188990235328674,"h"
0.625,0.625,1.875,0.5138674378395081,0.125,0.1875,1.75,0.5008547306060791,"h"
0.5,0.4375,3,0.5769558548927307,0.375,0.4375,1.875,0.4784731864929199,"a"
0.75,0.625,1.875,0.565416693687439,0.375,0.5625,1.625,0.48444685339927673,"h"
0.125,0.25,1.75,0.42124998569488525,0.5,0.625,1.375,0.5132638812065125,"a"
1,0.5625,1,0.5646747946739197,0.25,0.3125,1.5,0.4471953809261322,"h"
0.625,0.5625,2.5,0.5256944298744202,0.125,0.3125,2.25,0.47100692987442017,"h"
0.875,0.8125,1.5,0.4633680582046509,0.375,0.4375,1.625,0.46947917342185974,"h"
0.125,0.3125,2,0.4671517610549927,0.125,0.25,1.375,0.47600695490837097,"a"
0.875,0.75,1.375,0.5054166913032532,0.625,0.6875,1.75,0.49250102043151855,"h"
0.75,0.625,1.125,0.5867905616760254,0.25,0.4375,1.625,0.4603472352027893,"h"
0.75,0.75,1.375,0.5615277886390686,0.5,0.5,0.75,0.5057094097137451,"h"
1,0.6875,1.125,0.5110454559326172,0.5,0.75,1.75,0.5014165639877319,"h"
0.25,0.125,1.5,0.5061803460121155,0.625,0.75,0.875,0.480347216129303,"a"
0.25,0.1875,1.5,0.4824305474758148,0.625,0.6875,0.625,0.5029513835906982,"a"
0.5,0.3125,1.5,0.49079036712646484,0.5,0.4375,1.75,0.5253573656082153,"a"
0.375,0.375,1.25,0.4859532415866852,0.5,0.75,1.125,0.5059375166893005,"a"
0.375,0.25,1.625,0.4634722173213959,0.5,0.625,1.25,0.5197222232818604,"h"
0.5,0.4375,1.625,0.45638734102249146,0.5,0.5,1.375,0.45229166746139526,"a"
0.625,0.375,1.5,0.4747993052005768,0.5,0.5,1.375,0.5181597471237183,"a"
0.5,0.375,1.625,0.4833333194255829,0.625,0.75,1.5,0.4863249957561493,"a"
0.375,0.3125,1.375,0.4707638919353485,0.375,0.5625,1.5,0.47604408860206604,"a"
0.25,0.375,1.625,0.4674989879131317,0.375,0.25,1.5,0.48315972089767456,"h"
0.125,0.125,3,0.4671180546283722,0.625,0.6875,0.5,0.5396876931190491,"a"
0.875,0.75,1.25,0.531006932258606,0,0.125,3.125,0.5074653029441833,"h"
0.75,0.6875,1,0.4860024154186249,0.625,0.625,1,0.47940972447395325,"a"
1,0.875,1.375,0.48527777194976807,0.5,0.5625,1.75,0.48304417729377747,"h"
0.375,0.375,1.5,0.5263888835906982,0.75,0.75,0.5,0.5048611164093018,"a"
1,0.75,1,0.4844829738140106,0.125,0.3125,1.625,0.4944097101688385,"h"
0.75,0.5625,1.625,0.5260416865348816,0.125,0.3125,1.875,0.47767361998558044,"h"
0.5,0.4375,1.625,0.4969791769981384,0.125,0.375,1.875,0.4877569377422333,"h"
0.375,0.4375,1.375,0.5098230242729187,0.5,0.5,1.625,0.5217065215110779,"a"
0.5,0.5,2.75,0.5709488987922668,0.125,0.5625,1.875,0.4957374036312103,"h"
0.5,0.5,1.125,0.5060625076293945,0.5,0.6875,1,0.5142708420753479,"h"
0.75,0.6875,2,0.581944465637207,0.375,0.625,1.625,0.46518227458000183,"h"
0.25,0.3125,2,0.4401041567325592,0.125,0.25,1.625,0.4797222316265106,"h"
0.5,0.4375,1.25,0.5044097304344177,0.625,0.6875,0.625,0.48249998688697815,"h"
0.25,0.125,1.625,0.49090278148651123,0.375,0.3125,1.75,0.5075347423553467,"h"
0.75,0.6875,1.25,0.5512697696685791,0.5,0.5,0.75,0.5249455571174622,"a"
0.625,0.625,1.875,0.5312632918357849,0.5,0.5625,1.625,0.4811691641807556,"h"
0,0.0625,2.625,0.45260417461395264,0.625,0.75,1.5,0.5154871344566345,"a"
0.875,0.75,1,0.503819465637207,0.625,0.6875,0.5,0.5122222304344177,"h"
0.75,0.625,1,0.5414184927940369,0.125,0.1875,2,0.5010631084442139,"h"
0.875,0.75,0.5,0.5012500286102295,0.5,0.625,0.75,0.5224654674530029,"h"
0.375,0.25,1.5,0.5051653981208801,0.5,0.5,1.375,0.5128124952316284,"a"
0.75,0.625,1.25,0.48012110590934753,0.625,0.6875,0.625,0.48527777194976807,"a"
0.875,0.625,1.5,0.5410069227218628,0.375,0.5625,1.75,0.47663435339927673,"h"
0.25,0.3125,2.25,0.4419097304344177,0.625,0.5625,1.375,0.5063592791557312,"a"
0.5,0.5,1.625,0.5110069513320923,0.25,0.375,1.75,0.46850693225860596,"h"
1,0.75,0.875,0.500524640083313,0.5,0.4375,1.625,0.5068851709365845,"h"
0.375,0.25,2.375,0.48711806535720825,0.5,0.5,1.5,0.47892457246780396,"a"
0.375,0.3125,1.5,0.47936180233955383,0.25,0.4375,1.375,0.4799923598766327,"a"
0.25,0.3125,1.625,0.46833232045173645,0.25,0.25,1.875,0.5146047472953796,"a"
0.875,0.75,1.25,0.5375694632530212,0.625,0.8125,1.5,0.4163541793823242,"h"
0.5,0.3125,1.375,0.46059027314186096,0.125,0.0625,1.375,0.4822569489479065,"h"
0.75,0.625,1.125,0.5506892800331116,0.5,0.625,0.875,0.49562498927116394,"h"
1,0.5625,1,0.5601609349250793,0.5,0.5,1.375,0.4597569406032562,"h"
0.5,0.5625,2,0.5253199338912964,0.125,0.1875,2.625,0.5205961465835571,"a"
0.625,0.5625,1.5,0.47103649377822876,0.125,0.5625,2.125,0.5142664313316345,"a"
0.875,0.625,1.5,0.5517013669013977,0.25,0.25,1.375,0.47871527075767517,"h"
0.5,0.3125,1.5,0.4577430486679077,0.25,0.3125,1.75,0.4423043727874756,"h"
0.375,0.5,2.125,0.5174379944801331,0.75,0.8125,1.125,0.5275357365608215,"a"
0.25,0.25,1.625,0.4648958444595337,0.625,0.8125,1.875,0.4288194477558136,"a"
0.5,0.5,1.375,0.503125011920929,0.125,0.25,1.375,0.49086806178092957,"h"
0.5,0.5625,1.5,0.4798263907432556,0.5,0.625,1,0.5230555534362793,"h"
0.75,0.5,1.5,0.4984104335308075,0.125,0.1875,2.75,0.507158637046814,"h"
0.625,0.625,1.375,0.557604193687439,0.375,0.4375,1.625,0.4703819453716278,"a"
1,0.75,0.875,0.5018787980079651,0.625,0.75,1.375,0.49118611216545105,"h"
0.75,0.6875,0.625,0.5026295185089111,0.125,0.0625,1.5,0.4758680462837219,"h"
0.75,0.625,1.25,0.5489531755447388,0.375,0.5625,1.75,0.47538435459136963,"h"
0.5,0.5,2.25,0.5151041746139526,0.5,0.625,0.875,0.4970138967037201,"a"
0.75,0.5625,2,0.5234375,0.25,0.375,1.625,0.5045138597488403,"a"
0.75,0.5625,1.5,0.5191666483879089,0.25,0.25,2,0.4938194453716278,"h"
0.5,0.5,1.625,0.4979513883590698,0.625,0.5625,0.75,0.5232441425323486,"a"
0.625,0.5625,2.25,0.5671988725662231,0.625,0.5625,1.5,0.5130954384803772,"h"
0.25,0.25,2.375,0.45097222924232483,0.75,0.5625,1.125,0.49340277910232544,"a"
0.875,0.5,1.375,0.5569533109664917,0.75,0.6875,0.5,0.5199090242385864,"a"
0.5,0.3125,2,0.5067360997200012,0.5,0.625,1.375,0.516076385974884,"h"
0.25,0.25,1.75,0.46977847814559937,0.25,0.3125,1.5,0.4839930534362793,"a"
0,0.0625,2.75,0.4312152862548828,0.625,0.75,1.5,0.5128874778747559,"a"
0.875,0.8125,1,0.5421527624130249,0.25,0.375,1.875,0.4621180593967438,"h"
0.75,0.6875,1,0.5179420113563538,0.375,0.4375,1.75,0.4576622247695923,"h"
0.625,0.5625,1.125,0.511965274810791,0.5,0.4375,1.875,0.5118233561515808,"h"
1,0.8125,1.375,0.47614583373069763,0.375,0.5,1.375,0.5268402695655823,"h"
0.5,0.5625,1.625,0.4876736104488373,0.5,0.5,1.375,0.4849662482738495,"h"
0.5,0.4375,1.5,0.45773789286613464,0.25,0.3125,1.5,0.4748958349227905,"a"
0.375,0.4375,1.625,0.5217326879501343,0.25,0.5,1.375,0.4569229185581207,"h"
0.5,0.375,1.25,0.457256942987442,0.375,0.3125,1.75,0.5115144848823547,"a"
0.75,0.625,0.875,0.5084236264228821,0.5,0.75,2.375,0.43965277075767517,"h"
0.5,0.5625,1.625,0.47805556654930115,0.5,0.625,0.625,0.5146527886390686,"h"
0.75,0.4375,1.375,0.538689374923706,0.375,0.5625,1.625,0.47299477458000183,"a"
0.375,0.375,2.75,0.4938194453716278,0.75,0.6875,0.625,0.5273048281669617,"a"
0.625,0.4375,1,0.5106250047683716,0.625,0.75,1.25,0.4965718686580658,"h"
0.25,0.1875,1.875,0.5026041865348816,0.25,0.25,1.875,0.44060298800468445,"a"
0.875,0.6875,0.875,0.5605058670043945,0,0,1.625,0.4627777636051178,"h"
0.875,0.8125,1.25,0.5294444561004639,0.375,0.5,1.375,0.5146180391311646,"h"
0.75,0.625,1.5,0.5742014050483704,0.625,0.8125,1.125,0.5134027600288391,"a"
0.25,0.25,1.25,0.44663092494010925,0.5,0.625,1.5,0.5289236307144165,"a"
0.125,0.0625,2.625,0.4434722363948822,0.5,0.5,0.625,0.5143899917602539,"h"
0.375,0.3125,1.625,0.5153390169143677,0.375,0.4375,1.5,0.5007985830307007,"a"
0.5,0.5,1.625,0.49211806058883667,0.125,0.3125,1,0.4967013895511627,"h"
0.5,0.5,1.625,0.5180869102478027,0.25,0.25,2.125,0.45015159249305725,"h"
0.25,0.3125,1.5,0.4489583373069763,0.5,0.625,1.25,0.48139598965644836,"a"
0.75,0.625,1.75,0.5908680558204651,0.125,0.1875,1.625,0.46253472566604614,"h"
0.625,0.4375,1.5,0.5072993040084839,0.625,0.6875,1,0.4851388931274414,"a"
1,0.8125,0.625,0.5056596994400024,0.375,0.5,1.125,0.5197222232818604,"h"
1,0.75,1.625,0.4839930534362793,0.25,0.25,1.875,0.4789930582046509,"h"
0.875,0.6875,1.125,0.5484572649002075,0.25,0.4375,2.125,0.46611112356185913,"h"
0.75,0.625,1,0.5217267274856567,0.625,0.75,1.25,0.5039246082305908,"h"
0.875,0.75,0.5,0.5104166865348816,0.5,0.5,1.5,0.4856995940208435,"h"
0.75,0.75,1.5,0.562048614025116,0.125,0.1875,2.625,0.49927669763565063,"h"
0.375,0.375,2.75,0.503125011920929,0.875,0.625,1.25,0.5026041865348816,"a"
0.625,0.375,1.125,0.5284810662269592,0.5,0.625,1.625,0.4711458384990692,"a"
0.625,0.5,1.875,0.5525808334350586,0.375,0.4375,1.75,0.49470528960227966,"h"
0.375,0.625,2.25,0.5130977034568787,0.5,0.75,2.375,0.44968751072883606,"a"
0.625,0.6875,1.75,0.5445833206176758,0.5,0.625,0.625,0.5142708420753479,"a"
0.625,0.5625,1.5,0.5196874737739563,0.625,0.75,1.125,0.5197569727897644,"a"
0.625,0.5625,1.625,0.5072222352027893,0.375,0.4375,1.875,0.49541667103767395,"h"
0.375,0.375,1.5,0.4634374976158142,0.25,0.25,2.125,0.49163195490837097,"h"
0.75,0.625,2,0.5715625286102295,0.125,0.1875,1.875,0.5200058817863464,"h"
0.25,0.1875,2.375,0.4524652659893036,0.25,0.3125,2,0.47064831852912903,"h"
0.625,0.4375,1.375,0.4909375011920929,0.25,0.375,1.375,0.5385069251060486,"h"
0.75,0.625,1.375,0.5537847280502319,0.25,0.4375,2,0.5135372877120972,"a"
0.625,0.4375,1,0.5089930295944214,0,0.0625,2,0.4820486009120941,"h"
0.125,0.1875,1.875,0.461757630109787,0.625,0.6875,1.25,0.4769444465637207,"a"
0.5,0.375,1.625,0.5221792459487915,0.625,0.75,1.25,0.48805657029151917,"h"
0.875,0.75,0.875,0.527222216129303,0.5,0.75,1,0.49184027314186096,"h"
0.5,0.5,1.75,0.46173611283302307,0.625,0.75,1.125,0.5188982486724854,"a"
0.375,0.25,2,0.5132986307144165,0.5,0.5,1.5,0.4837847352027893,"a"
0.375,0.375,1.875,0.517707347869873,0.875,0.625,1.125,0.5090972185134888,"a"
0.625,0.625,2.125,0.49784722924232483,0.625,0.6875,1.5,0.5345138907432556,"a"
0.5,0.4375,1.125,0.46253472566604614,0.625,0.6875,1.25,0.5071874856948853,"a"
0.75,0.5625,1.625,0.5612614154815674,0.25,0.1875,2.25,0.4449779689311981,"h"
0.25,0.1875,2,0.45267361402511597,0.5,0.4375,1.5,0.5233200192451477,"a"
0.5,0.5,1.5,0.4874652922153473,0.5,0.5625,1.75,0.47680556774139404,"a"
0.625,0.4375,1.5,0.4706869423389435,0.125,0.25,0.875,0.5120561122894287,"h"
0.5,0.375,1.375,0.521085262298584,0.375,0.4375,1.375,0.5459027886390686,"a"
0.25,0.25,1.5,0.4417698085308075,0.375,0.375,1.75,0.49491915106773376,"a"
0.25,0.1875,2,0.4934374988079071,0.375,0.5,1.875,0.4826388955116272,"a"
0.875,0.75,1.125,0.5188194513320923,0.375,0.4375,0.75,0.5229316353797913,"h"
0.875,0.75,0.875,0.4837152659893036,0.5,0.5625,1.125,0.4960426390171051,"h"
0.25,0.125,1.75,0.4409722089767456,0.625,0.625,0.875,0.5007423162460327,"h"
0.875,0.6875,1.75,0.4561111032962799,0.625,0.6875,0.75,0.5442708134651184,"a"
0.75,0.6875,0.875,0.5291864275932312,0.625,0.8125,1.125,0.49850693345069885,"a"
0.875,0.75,0.625,0.5261458158493042,0.25,0.375,1.375,0.4759722352027893,"h"
0.5,0.4375,1.25,0.5044097304344177,0.625,0.75,1.25,0.499895840883255,"a"
0.375,0.3125,1.5,0.5126306414604187,0.625,0.6875,1.25,0.5429514050483704,"a"
0.625,0.5625,1.25,0.5115625262260437,0,0.125,1.625,0.464826375246048,"h"
0.625,0.5625,1.625,0.4998264014720917,0.5,0.6875,1.125,0.4824305474758148,"h"
0.5,0.4375,1.625,0.4671128988265991,0.25,0.1875,2.5,0.4380682706832886,"h"
0.5,0.4375,1.125,0.45406249165534973,0.625,0.625,1.125,0.496111124753952,"a"
0.875,0.625,1.25,0.5439930558204651,0.25,0.4375,1.5,0.4713326394557953,"h"
0.75,0.6875,2.25,0.5616666674613953,0.5,0.4375,1.25,0.5302644968032837,"h"
0.625,0.5,1.75,0.45770832896232605,0,0.125,2,0.48086804151535034,"h"
1,0.8125,0.5,0.5012847185134888,0.5,0.5,1.5,0.5052083134651184,"h"
0.5,0.4375,2.25,0.5061458349227905,0.125,0.1875,1.5,0.5286864042282104,"h"
0.625,0.625,1,0.5212846994400024,0.625,0.75,1.125,0.5269190669059753,"a"
0.25,0.25,1.25,0.43899306654930115,0.25,0.3125,0.75,0.5184450149536133,"a"
0.875,0.75,0.875,0.5349906086921692,0.5,0.5625,0.875,0.507756233215332,"h"
0.75,0.625,2.125,0.43059027194976807,1,0.6875,1.25,0.5479514002799988,"a"
0.25,0.3125,2.25,0.4963531792163849,0.375,0.4375,1.75,0.5162803530693054,"a"
0.375,0.1875,1.875,0.4543055593967438,0.125,0.1875,2,0.49000000953674316,"h"
0.375,0.25,2,0.49781250953674316,0.5,0.625,2.5,0.4673958420753479,"h"
0.5,0.5,2,0.5358491539955139,0.625,0.625,1.5,0.5213730335235596,"a"
0.5,0.4375,1.75,0.5022170543670654,0.375,0.4375,1.75,0.48430556058883667,"h"
0.25,0.3125,2.125,0.5030545592308044,0.5,0.6875,1.125,0.526770830154419,"a"
0.5,0.5,1.5,0.48163193464279175,0.5,0.5625,1.75,0.47468748688697815,"h"
0.5,0.5,1.625,0.4967361092567444,0.25,0.4375,1.125,0.4847354292869568,"h"
0.375,0.375,1.875,0.5078560709953308,0.375,0.375,1.125,0.4794791638851166,"a"
0.25,0.25,2.125,0.5125347375869751,0.625,0.8125,1.25,0.4895138740539551,"a"
0.75,0.6875,1.25,0.5481250286102295,0.375,0.5,0.875,0.527465283870697,"h"
0,0.125,1.75,0.4399520754814148,0.5,0.6875,1,0.4896875023841858,"a"
0.375,0.375,1.375,0.4859027862548828,0.375,0.4375,1.5,0.5123263597488403,"a"
0.5,0.75,2,0.5239310264587402,0.625,0.6875,1.625,0.5119097232818604,"h"
0.375,0.1875,1.625,0.4602777659893036,0.375,0.5,1.125,0.48277875781059265,"h"
0.875,0.75,1,0.50760418176651,0.625,0.75,0.625,0.5423611402511597,"a"
0.625,0.625,1.875,0.49302083253860474,0.5,0.6875,1.625,0.5120927095413208,"h"
0.375,0.375,1.75,0.500859797000885,0.375,0.4375,1.125,0.5576736330986023,"a"
0.75,0.625,0.75,0.5141666531562805,0.375,0.4375,1.75,0.4863888919353485,"h"
1,0.75,0.625,0.5281597375869751,0.5,0.6875,1.25,0.5123611092567444,"h"
0.625,0.5625,1.5,0.4997222125530243,0,0.1875,1.375,0.4520485997200012,"h"
0.75,0.5625,1.25,0.47225695848464966,0.5,0.5625,1.875,0.5058174729347229,"h"
0.5,0.5,1.375,0.49909722805023193,0.25,0.25,0.875,0.5160838961601257,"a"
0.625,0.4375,1.375,0.47290918231010437,0.375,0.3125,1.5,0.4986289143562317,"h"
0.875,0.75,0.375,0.4974652826786041,0.5,0.5625,1.25,0.4865981936454773,"a"
0.375,0.375,2,0.5123263597488403,0.5,0.625,2.5,0.45836806297302246,"a"
0.75,0.6875,1.375,0.5371875166893005,0.625,0.625,1.375,0.5097916722297668,"h"
0,0.125,1.625,0.46623679995536804,0.5,0.4375,1.875,0.49214836955070496,"a"
0.125,0.125,1.25,0.4271527826786041,0.625,0.6875,1.625,0.5017014145851135,"a"
0.375,0.25,2.375,0.4890972077846527,1,0.75,1.125,0.5566666722297668,"a"
1,0.75,0.875,0.5083680748939514,0,0.1875,2,0.484375,"h"
0.5,0.5,2,0.5355713963508606,0.5,0.6875,1.125,0.4857291579246521,"h"
0.875,0.75,1.125,0.5298170447349548,0.375,0.375,2,0.48781248927116394,"h"