"geid","gseason","gweek","htid","hthwr","htowr","hthtor","hthtop","atid","atawr","atowr","atator","atatop","gw"
"2010090900",2010,1,23,0.75,0.8125,1.5,0.5022335648536682,20,0.375,0.6875,1.625,0.48787903785705566,"h"
"2010091200",2010,1,24,0.25,0.25,2.25,0.42885416746139526,3,0.25,0.3125,2.5,0.46166667342185974,"h"
"2010091201",2010,1,9,0.25,0.3125,1.375,0.4711458384990692,10,0.5,0.5,1.75,0.5336517691612244,"a"
"2010091202",2010,1,11,1,0.625,0.875,0.5778472423553467,2,0.375,0.5625,1.875,0.5016784071922302,"h"
"2010091203",2010,1,5,0.625,0.625,1.5,0.519652783870697,6,0.75,0.8125,1.625,0.4742361009120941,"h"
"2010091204",2010,1,7,0.75,0.5,1.125,0.5509883165359497,13,0.375,0.4375,1.375,0.5099653005599976,"h"
"2010091205",2010,1,8,0.75,0.5625,1.375,0.49197322130203247,15,0.25,0.25,1.875,0.48086804151535034,"h"
"2010091206",2010,1,27,0.5,0.5,2.625,0.5261961817741394,22,0.375,0.5,2.25,0.4807291626930237,"h"
"2010091207",2010,1,17,0.625,0.4375,1.375,0.4895167946815491,18,0,0.125,3,0.4598610997200012,"h"
"2010091208",2010,1,32,0,0.0625,2,0.5103819370269775,29,0.75,0.625,2.625,0.5134721994400024,"a"
"2010091209",2010,1,4,0.75,0.5625,1.5,0.5245311856269836,21,0.375,0.5625,1.875,0.5216684341430664,"h"
"2010091210",2010,1,26,0.75,0.6875,1.5,0.4768750071525574,19,0.625,0.6875,1.5,0.538819432258606,"a"
"2010091211",2010,1,31,0.5,0.3125,1.75,0.4712499976158142,30,0.125,0.4375,1.75,0.4704166650772095,"h"
"2010091212",2010,1,28,0.375,0.25,2.25,0.4670615792274475,25,0.5,0.625,1.375,0.5459327697753906,"h"
"2010091300",2010,1,12,0.375,0.5,2.375,0.5199897289276123,1,0.375,0.5625,1.75,0.4695138931274414,"a"
"2010091301",2010,1,14,0.25,0.3125,1.625,0.4364604651927948,16,0.75,0.75,0.75,0.5178124904632568,"h"
"2010091900",2010,2,28,0.25,0.1875,1.75,0.46227145195007324,5,0.625,0.625,2,0.5622901320457458,"a"
"2010091901",2010,2,19,0.75,0.6875,0.75,0.574340283870697,9,0.375,0.3125,2.25,0.4543505311012268,"h"
"2010091902",2010,2,20,0.875,0.625,1.125,0.5934374928474426,10,0.625,0.5625,1.75,0.5164642930030823,"a"
"2010091903",2010,2,3,0.375,0.3125,1.375,0.4868979752063751,14,0.5,0.375,1.75,0.4796527624130249,"a"
"2010091904",2010,2,8,0.75,0.5625,2,0.49190378189086914,4,0.5,0.625,1.375,0.5480927228927612,"a"
"2010091905",2010,2,25,0.75,0.625,1,0.5569097399711609,17,0.375,0.5,2.875,0.4556597173213959,"a"
"2010091906",2010,2,18,0.25,0.125,2,0.5060069561004639,26,0.625,0.6875,0.75,0.45982638001441956,"a"
"2010091907",2010,2,21,0.75,0.5625,1.375,0.5071180462837219,29,0.625,0.5625,2.75,0.46753472089767456,"h"
"2010091908",2010,2,22,0.625,0.5,1.5,0.5214236378669739,24,0.375,0.3125,2,0.5192594528198242,"a"
"2010091909",2010,2,13,0.5,0.4375,1.625,0.5089336633682251,31,0.125,0.3125,2.25,0.42885416746139526,"h"
"2010091910",2010,2,15,0.375,0.3125,2.375,0.48895832896232605,32,0.125,0.0625,2.25,0.4542200565338135,"h"
"2010091911",2010,2,12,0.375,0.5,2.125,0.5197814106941223,11,0.25,0.625,2,0.49488580226898193,"h"
"2010091912",2010,2,2,0.875,0.625,1,0.5636110901832581,1,0.375,0.5625,2,0.47090277075767517,"h"
"2010091913",2010,2,16,0.875,0.8125,1.375,0.49649304151535034,7,0.25,0.5,2.125,0.46225693821907043,"h"
"2010091914",2010,2,6,0.875,0.8125,1.375,0.4801041781902313,27,0.375,0.4375,1.875,0.5013194680213928,"h"
"2010092000",2010,2,30,0.625,0.375,1.875,0.5093402862548828,23,0.875,0.8125,1.5,0.5362717509269714,"a"
"2010092600",2010,3,27,0.375,0.375,2.875,0.516960084438324,8,0.5,0.625,2.125,0.4717708230018616,"a"
"2010092601",2010,3,22,0.5,0.4375,1.75,0.5054861307144165,2,0.375,0.625,1.875,0.5173611044883728,"a"
"2010092602",2010,3,24,0.25,0.3125,2.375,0.4637152850627899,4,0.625,0.6875,1.5,0.5318427681922913,"a"
"2010092603",2010,3,11,1,0.625,1,0.5619791746139526,9,0.375,0.3125,2.125,0.464663028717041,"h"
"2010092604",2010,3,1,0.75,0.5625,1.125,0.5079514980316162,3,0.25,0.3125,2,0.4640972316265106,"h"
"2010092605",2010,3,20,0.875,0.625,1.375,0.593715250492096,18,0,0.125,3.125,0.4424305558204651,"h"
"2010092606",2010,3,23,0.625,0.75,1.75,0.48082050681114197,21,0.375,0.5625,1.75,0.5240537524223328,"a"
"2010092607",2010,3,32,0.125,0.125,1.75,0.5149305462837219,28,0.125,0.1875,1.125,0.4777430593967438,"h"
"2010092608",2010,3,5,0.625,0.625,1.625,0.5165972113609314,25,0.625,0.6875,1.125,0.5443008542060852,"a"
"2010092609",2010,3,14,0.375,0.4375,1.625,0.44607850909233093,30,0.125,0.375,1.75,0.4669097363948822,"h"
"2010092610",2010,3,7,0.625,0.4375,1.125,0.5484188199043274,26,0.75,0.75,0.75,0.46013888716697693,"a"
"2010092611",2010,3,13,0.375,0.375,1.75,0.515148937702179,6,0.75,0.8125,1.5,0.4709722101688385,"a"
"2010092612",2010,3,29,0.625,0.625,2.25,0.47062501311302185,15,0.25,0.3125,1.625,0.4958333373069763,"h"
"2010092613",2010,3,31,0.625,0.375,1.75,0.45944443345069885,16,0.75,0.8125,1.25,0.5519791841506958,"h"
"2010092614",2010,3,10,0.5,0.5625,1.375,0.5199305415153503,12,0.625,0.5,1.25,0.49871528148651123,"a"
"2010092700",2010,3,17,0.625,0.5,1.5,0.4909403920173645,19,0.625,0.6875,1.5,0.5545486211776733,"h"
"2010100300",2010,4,9,0.25,0.3125,1.375,0.45673611760139465,12,0.75,0.5625,0.75,0.5260763764381409,"a"
"2010100301",2010,4,3,0.5,0.375,1.25,0.48607638478279114,2,0.25,0.5625,1.875,0.5067708492279053,"h"
"2010100302",2010,4,4,0.625,0.625,1.375,0.5019270181655884,1,0.5,0.625,2.25,0.48180556297302246,"a"
"2010100303",2010,4,8,0.625,0.5625,2.25,0.4606190621852875,13,0.375,0.375,1.375,0.5079861283302307,"a"
"2010100304",2010,4,19,0.875,0.75,1.125,0.5663889050483704,18,0,0.125,3.125,0.480798602104187,"h"
"2010100305",2010,4,21,0.75,0.5625,1.375,0.5024999976158142,30,0.125,0.375,1.875,0.4693402647972107,"h"
"2010100306",2010,4,23,0.625,0.75,2,0.485507994890213,22,0.375,0.4375,2,0.4780208468437195,"h"
"2010100307",2010,4,32,0.25,0.1875,1.625,0.5221874713897705,31,0.125,0.375,2.25,0.42065972089767456,"h"
"2010100308",2010,4,7,0.625,0.4375,0.75,0.531701385974884,6,0.625,0.75,1.5,0.46388888359069824,"h"
"2010100309",2010,4,15,0.375,0.3125,2.375,0.5030555725097656,5,0.75,0.6875,1.875,0.5540956854820251,"a"
"2010100310",2010,4,26,0.625,0.6875,1.625,0.48180556297302246,28,0.25,0.25,1.125,0.48576387763023376,"a"
"2010100311",2010,4,16,0.875,0.8125,1.375,0.5119444727897644,29,0.5,0.5625,2.875,0.4577430486679077,"h"
"2010100312",2010,4,27,0.5,0.4375,2.75,0.5235226154327393,17,0.25,0.4375,3,0.4477083384990692,"h"
"2010100400",2010,4,10,0.375,0.5,1.875,0.5097916722297668,11,0.375,0.6875,1.875,0.4979513883590698,"a"
"2010101000",2010,5,9,0.25,0.3125,1,0.44440972805023193,7,0.25,0.4375,2.375,0.4695138931274414,"a"
"2010101001",2010,5,1,0.75,0.625,1,0.5183334350585938,13,0.25,0.3125,1.5,0.49340277910232544,"h"
"2010101002",2010,5,6,0.875,0.75,1.375,0.4915972352027893,14,0.5,0.4375,1.75,0.4716666638851166,"h"
"2010101003",2010,5,28,0.375,0.3125,1.625,0.47866564989089966,19,0.5,0.6875,1.75,0.5407932996749878,"h"
"2010101004",2010,5,18,0.25,0.125,2,0.4850347340106964,32,0.125,0.1875,2.5,0.4711992144584656,"h"
"2010101005",2010,5,22,0.5,0.4375,1.625,0.4951041638851166,17,0.375,0.5,3.125,0.44024306535720825,"a"
"2010101006",2010,5,2,0.75,0.5,1.5,0.5725347399711609,24,0.5,0.375,2.125,0.5179052948951721,"a"
"2010101007",2010,5,3,0.5,0.375,1.375,0.4981597363948822,21,0.5,0.625,1.5,0.5219009518623352,"a"
"2010101008",2010,5,5,0.5,0.625,1.625,0.4893749952316284,27,0.375,0.4375,2.125,0.49135416746139526,"a"
"2010101009",2010,5,29,0.75,0.625,2,0.4741319417953491,23,0.75,0.6875,1.875,0.5288759469985962,"h"
"2010101010",2010,5,25,0.625,0.625,1.375,0.5562152862548828,8,0.625,0.625,1.625,0.4632291793823242,"a"
"2010101011",2010,5,15,0.375,0.3125,2.125,0.49097222089767456,16,0.625,0.75,1.625,0.5520138740539551,"h"
"2010101012",2010,5,30,0.5,0.3125,2.5,0.5072569251060486,26,0.75,0.6875,0.875,0.4653819501399994,"a"
"2010101100",2010,5,12,0.5,0.625,1.375,0.5329861044883728,20,0.25,0.5625,1.875,0.480587363243103,"h"
"2010101700",2010,6,19,0.75,0.625,1,0.5345273017883301,10,0.625,0.5,1.75,0.5343675017356873,"a"
"2010101701",2010,6,32,0.375,0.25,1.5,0.5249999761581421,16,0.5,0.6875,1.5,0.5611805319786072,"h"
"2010101702",2010,6,11,1,0.6875,1.125,0.5453715324401855,1,0.5,0.625,2,0.508968710899353,"h"
"2010101703",2010,6,4,0.625,0.625,1,0.4918575584888458,3,0.125,0.3125,2.25,0.4633333384990692,"h"
"2010101704",2010,6,5,0.5,0.625,1.5,0.48114582896232605,14,0.375,0.375,1.75,0.4639583230018616,"h"
"2010101705",2010,6,27,0.625,0.5,2.75,0.512932300567627,18,0,0.125,2.875,0.47663193941116333,"h"
"2010101706",2010,6,26,0.625,0.6875,1.75,0.4997222125530243,21,0.5,0.625,1.375,0.5201995968818665,"h"
"2010101707",2010,6,17,0.5,0.4375,1.375,0.4663570821285248,31,0.25,0.4375,2,0.43968749046325684,"a"
"2010101708",2010,6,24,0.25,0.375,2.25,0.46552082896232605,23,0.75,0.6875,1.5,0.5256467461585999,"a"
"2010101709",2010,6,13,0.25,0.25,1.75,0.5081250071525574,12,0.875,0.6875,1.125,0.5327430367469788,"a"
"2010101710",2010,6,30,0.625,0.375,2.125,0.5277430415153503,15,0.25,0.3125,1.5,0.5014930367469788,"h"
"2010101711",2010,6,20,0.875,0.5625,1.5,0.5793750286102295,25,0.5,0.5625,1.125,0.5512847304344177,"h"
"2010101712",2010,6,28,0.375,0.3125,1.375,0.48029759526252747,6,0.625,0.75,1.875,0.45732638239860535,"a"
"2010101800",2010,6,7,0.5,0.375,1.125,0.5130208134651184,8,0.75,0.6875,1.25,0.4775347113609314,"a"
"2010102400",2010,7,21,0.75,0.625,1.375,0.5098611116409302,2,0.125,0.4375,2,0.5093402862548828,"h"
"2010102401",2010,7,10,0.25,0.4375,2,0.5006250143051147,4,0.625,0.625,1.625,0.5389260649681091,"a"
"2010102402",2010,7,1,0.875,0.6875,1,0.5145534873008728,9,0.25,0.25,2.375,0.4723910689353943,"h"
"2010102403",2010,7,14,0.5,0.4375,1.625,0.4519418776035309,7,0.25,0.375,2.5,0.4710416793823242,"h"
"2010102404",2010,7,23,0.5,0.625,2,0.49036911129951477,3,0.25,0.375,1.75,0.4658333361148834,"a"
"2010102405",2010,7,17,0.5,0.4375,2,0.4748292863368988,28,0.375,0.375,1.375,0.4867708384990692,"a"
"2010102406",2010,7,22,0.5,0.4375,2,0.511631965637207,30,0.125,0.375,1.75,0.4640972316265106,"h"
"2010102407",2010,7,24,0.375,0.4375,1.875,0.4750347137451172,32,0.125,0.25,2.25,0.4688728153705597,"h"
"2010102408",2010,7,8,0.625,0.6875,2.5,0.4507579505443573,26,0.75,0.6875,1.25,0.4732638895511627,"h"
"2010102409",2010,7,31,0.625,0.4375,1.875,0.46475693583488464,29,0.375,0.5625,3.375,0.4357638955116272,"h"
"2010102410",2010,7,16,0.875,0.6875,1.75,0.5226389169692993,11,0.375,0.6875,1.625,0.4819791615009308,"a"
"2010102411",2010,7,13,0.25,0.25,1.75,0.4964583218097687,15,0.375,0.375,1.375,0.520520806312561,"a"
"2010102412",2010,7,19,0.875,0.6875,1.25,0.5270273089408875,20,0.125,0.5,2.125,0.4883304238319397,"h"
"2010102500",2010,7,25,0.5,0.5,1.5,0.5429166555404663,27,0.375,0.5,2.5,0.5053819417953491,"a"
"2010103100",2010,8,30,0.75,0.4375,1.625,0.5271875262260437,13,0.25,0.25,1.625,0.49350693821907043,"h"
"2010103101",2010,8,25,0.375,0.4375,1.875,0.5276389122009277,7,0.375,0.4375,2.375,0.49666666984558105,"a"
"2010103102",2010,8,2,0.75,0.4375,1.25,0.5782986283302307,10,0.75,0.5,2,0.5392980575561523,"a"
"2010103103",2010,8,14,0.625,0.5,1.25,0.45455992221832275,9,0.125,0.1875,2.5,0.4852243959903717,"h"
"2010103104",2010,8,18,0.375,0.1875,2.125,0.4841666519641876,28,0.375,0.375,1.5,0.4748958349227905,"h"
"2010103105",2010,8,32,0.5,0.3125,1.375,0.5418750047683716,22,0.25,0.375,2.125,0.45965278148651123,"h"
"2010103106",2010,8,12,0.5,0.6875,1.625,0.5273264050483704,19,0.625,0.75,1.375,0.5269044041633606,"a"
"2010103107",2010,8,16,0.875,0.6875,1.625,0.5378472208976746,8,0.75,0.6875,0.625,0.48006945848464966,"h"
"2010103108",2010,8,11,1,0.6875,1.125,0.5159271359443665,20,0.125,0.5,2,0.48451098799705505,"h"
"2010103109",2010,8,29,0.625,0.5,2.375,0.480243057012558,24,0.625,0.5,2,0.5094330906867981,"a"
"2010103110",2010,8,15,0.5,0.4375,1.625,0.5160069465637207,31,0.25,0.4375,1.875,0.4301736056804657,"h"
"2010103111",2010,8,23,0.5,0.625,2,0.5039802193641663,4,0.5,0.5625,1.625,0.5240302681922913,"h"
"2010110100",2010,8,6,0.875,0.75,1.375,0.49753472208976746,5,0.625,0.5625,1.875,0.5277068018913269,"h"
"2010110700",2010,9,18,0.375,0.1875,2,0.4831395447254181,12,0.875,0.6875,1.375,0.5171034932136536,"a"
"2010110701",2010,9,1,0.875,0.6875,1,0.5244492888450623,10,0.625,0.4375,2.375,0.5207216739654541,"h"
"2010110702",2010,9,3,0.625,0.4375,1.25,0.5182986259460449,11,0.375,0.6875,1.75,0.45454859733581543,"h"
"2010110703",2010,9,5,0.5,0.5625,1.625,0.4939236044883728,16,0.5,0.6875,1.75,0.5368402600288391,"a"
"2010110704",2010,9,9,0.25,0.1875,1.125,0.46090278029441833,17,0.5,0.5,2.75,0.4560416638851166,"a"
"2010110705",2010,9,20,0.875,0.5,1.625,0.5889770984649658,29,0.25,0.4375,3.25,0.42196038365364075,"h"
"2010110706",2010,9,21,0.75,0.625,1.25,0.5257638692855835,24,0.625,0.5,2,0.5034608840942383,"h"
"2010110707",2010,9,22,0.5,0.375,2.125,0.5030208230018616,23,0.75,0.625,1.25,0.5396398305892944,"a"
"2010110708",2010,9,31,0.625,0.4375,2,0.46531251072883606,27,0.5,0.5625,2.375,0.5443055629730225,"a"
"2010110709",2010,9,26,0.625,0.6875,1.5,0.5151041746139526,6,0.5,0.6875,1.75,0.4589236080646515,"h"
"2010110710",2010,9,15,0.625,0.5,1.75,0.5102863311767578,14,0.375,0.5,2,0.4803386926651001,"h"
"2010110711",2010,9,19,0.875,0.75,1.25,0.5311245322227478,25,0.375,0.375,1.5,0.5311458110809326,"h"
"2010110800",2010,9,2,0.625,0.375,1.5,0.5602083206176758,4,0.625,0.625,1.5,0.5084721446037292,"a"
"2010111100",2010,10,21,0.75,0.625,1.125,0.5331597328186035,1,0.375,0.625,2.25,0.49504512548446655,"h"
"2010111400",2010,10,10,0.375,0.5,1.75,0.5133333206176758,8,0.625,0.625,1,0.4816666543483734,"h"
"2010111401",2010,10,3,0.625,0.4375,1.375,0.5006780028343201,12,1,0.75,0.875,0.5540643930435181,"a"
"2010111402",2010,10,6,0.875,0.6875,1.125,0.49829861521720886,2,0.125,0.375,2.125,0.5005555748939514,"h"
"2010111403",2010,10,7,0.5,0.4375,0.875,0.5109027624130249,5,0.5,0.5,1.625,0.49746373295783997,"h"
"2010111404",2010,10,17,0.625,0.5625,2.125,0.4864959716796875,20,0,0.4375,2.25,0.48010125756263733,"h"
"2010111405",2010,10,24,0.375,0.5,2,0.4888194501399994,22,0.125,0.3125,2.25,0.4506944417953491,"h"
"2010111406",2010,10,9,0.25,0.1875,1.125,0.4595833420753479,18,0,0.1875,2.875,0.4824305474758148,"h"
"2010111407",2010,10,13,0.375,0.3125,1.375,0.5089930295944214,14,0.25,0.4375,1.75,0.4864845275878906,"h"
"2010111408",2010,10,27,0.5,0.5,3,0.5289930701255798,25,0.5,0.4375,1.25,0.527222216129303,"a"
"2010111409",2010,10,29,0.625,0.4375,1.875,0.47583332657814026,31,0.375,0.5,1.75,0.4661458432674408,"a"
"2010111410",2010,10,30,0.75,0.4375,1.5,0.5194154977798462,32,0.125,0.3125,2.125,0.4896470010280609,"h"
"2010111411",2010,10,4,0.5,0.5625,1,0.5033159255981445,11,0.5,0.75,1.375,0.4507986009120941,"a"
"2010111500",2010,10,28,0.25,0.3125,1.75,0.4513392448425293,26,0.75,0.6875,0.875,0.4883333444595337,"a"
"2010111800",2010,11,10,0.25,0.4375,1.625,0.4944097101688385,17,0.625,0.625,2.25,0.47562500834465027,"a"
"2010112100",2010,11,22,0.375,0.25,2.125,0.495763897895813,1,0.5,0.6875,2,0.5157048106193542,"a"
"2010112101",2010,11,12,0.625,0.8125,1.5,0.5386458039283752,5,0.5,0.5,1.375,0.4789915084838867,"h"
"2010112102",2010,11,2,0.5,0.3125,1.75,0.5438541769981384,9,0.25,0.25,2.5,0.48352301120758057,"a"
"2010112103",2010,11,4,0.625,0.625,1,0.5073089599609375,15,0.375,0.5,1.625,0.5172916650772095,"h"
"2010112104",2010,11,7,0.5,0.4375,1.5,0.5137152671813965,3,0.25,0.4375,1.25,0.4782291650772095,"h"
"2010112105",2010,11,25,0.375,0.4375,1.75,0.5247916579246521,18,0,0.1875,2.875,0.5006250143051147,"h"
"2010112106",2010,11,20,0.75,0.375,1.875,0.5567895770072937,19,0.625,0.75,1.125,0.5254113674163818,"a"
"2010112107",2010,11,23,0.5,0.625,2.125,0.5185982584953308,31,0.25,0.4375,1.875,0.46569445729255676,"h"
"2010112108",2010,11,8,0.5,0.5625,2.625,0.4357067346572876,28,0.5,0.375,1.5,0.49060678482055664,"a"
"2010112109",2010,11,14,0.625,0.4375,1.125,0.47001388669013977,29,0.25,0.4375,3.25,0.4292173385620117,"h"
"2010112110",2010,11,32,0.5,0.3125,1.25,0.5221874713897705,21,0.625,0.6875,1.125,0.5286718010902405,"a"
"2010112111",2010,11,30,0.625,0.375,1.75,0.5046932697296143,24,0.75,0.5625,1.875,0.520127534866333,"a"
"2010112112",2010,11,11,1,0.75,1,0.519607663154602,6,0.375,0.625,1.875,0.46145832538604736,"h"
"2010112113",2010,11,26,0.75,0.75,1.5,0.5271875262260437,27,0.5,0.5,2.625,0.5242708325386047,"h"
"2010112200",2010,11,16,0.875,0.6875,1.75,0.5460416674613953,13,0.25,0.3125,1.5,0.496423602104187,"h"
"2010112500",2010,12,18,0.25,0.125,2,0.49532705545425415,11,0.625,0.8125,1.125,0.4539930522441864,"a"
"2010112501",2010,12,25,0.25,0.375,2.125,0.5319791436195374,23,0.75,0.625,1.5,0.5248828530311584,"a"
"2010112502",2010,12,12,0.625,0.8125,1.25,0.539027750492096,2,0.125,0.3125,2.375,0.4979861080646515,"h"
"2010112800",2010,12,27,0.5,0.5,2.75,0.5360416769981384,7,0.25,0.375,2.5,0.5056944489479065,"h"
"2010112801",2010,12,9,0.25,0.25,1.125,0.45488685369491577,4,0.75,0.6875,1.5,0.5206686854362488,"a"
"2010112802",2010,12,5,0.625,0.5625,1.25,0.5102083086967468,8,0.5,0.5,1.25,0.4566666781902313,"h"
"2010112803",2010,12,28,0.25,0.375,1.375,0.4484096169471741,20,0.125,0.4375,2,0.48385125398635864,"a"
"2010112804",2010,12,17,0.625,0.625,2,0.48656541109085083,26,0.625,0.6875,1,0.4941319525241852,"h"
"2010112805",2010,12,21,0.875,0.75,0.75,0.5349305272102356,19,0.5,0.6875,1,0.519439160823822,"h"
"2010112806",2010,12,1,1,0.75,0.875,0.5211853981018066,24,0.75,0.5625,1.25,0.5157524943351746,"h"
"2010112807",2010,12,3,0.625,0.4375,1.75,0.5058516263961792,22,0.125,0.25,2,0.4420138895511627,"h"
"2010112808",2010,12,31,0.5,0.375,2.125,0.44083333015441895,14,0.375,0.5,1.375,0.5206164717674255,"a"
"2010112809",2010,12,15,0.5,0.4375,1.75,0.5035501718521118,10,0.75,0.5,2,0.5412772297859192,"a"
"2010112810",2010,12,13,0.25,0.25,1.5,0.488611102104187,32,0.125,0.3125,2,0.5028414726257324,"a"
"2010112811",2010,12,6,0.75,0.5625,1.5,0.49704861640930176,16,0.5,0.6875,1.75,0.5498611330986023,"a"
"2010112900",2010,12,29,0.5,0.375,2.125,0.45392361283302307,30,0.25,0.4375,1.75,0.507152795791626,"a"
"2010120200",2010,13,26,0.75,0.6875,1.5,0.5303472280502319,5,0.5,0.5625,1.25,0.4754498302936554,"h"
"2010120500",2010,13,20,0.75,0.4375,2.25,0.5422757267951965,9,0.25,0.25,2.75,0.488627165555954,"h"
"2010120501",2010,13,10,0.125,0.4375,1.875,0.49020832777023315,3,0.375,0.5,1.25,0.46704861521720886,"a"
"2010120502",2010,13,8,0.375,0.4375,2.75,0.4191442131996155,7,0.375,0.4375,2.25,0.5277083516120911,"a"
"2010120503",2010,13,14,0.75,0.5625,0.875,0.49740973114967346,13,0.125,0.1875,1.25,0.4690277874469757,"h"
"2010120504",2010,13,27,0.625,0.5625,2.375,0.5354166626930237,28,0.5,0.375,2,0.48192623257637024,"h"
"2010120505",2010,13,18,0.25,0.125,1.375,0.4967159330844879,17,0.75,0.6875,2,0.5052777528762817,"a"
"2010120506",2010,13,19,0.875,0.6875,1.25,0.521818995475769,30,0.25,0.4375,1.625,0.49465277791023254,"h"
"2010120507",2010,13,24,0.375,0.5625,1.625,0.4979861080646515,21,0.75,0.8125,1.25,0.524798572063446,"a"
"2010120508",2010,13,2,0.375,0.25,1.75,0.5321180820465088,23,0.75,0.625,1.5,0.516076385974884,"a"
"2010120509",2010,13,16,0.75,0.625,1.875,0.5169097185134888,15,0.375,0.4375,1.75,0.5294444561004639,"a"
"2010120510",2010,13,6,0.625,0.5,2,0.49122971296310425,25,0.625,0.4375,1.125,0.520853579044342,"a"
"2010120511",2010,13,29,0.375,0.3125,2.25,0.44874998927116394,32,0.25,0.375,1.875,0.506521999835968,"a"
"2010120512",2010,13,31,0.5,0.375,2.25,0.4373264014720917,22,0.125,0.25,1.625,0.4499305486679077,"h"
"2010120513",2010,13,1,0.875,0.6875,0.75,0.515838086605072,4,0.875,0.75,1.625,0.5277172923088074,"a"
"2010120600",2010,13,11,1,0.8125,0.875,0.5011007189750671,12,0.875,0.75,1.25,0.5411823987960815,"h"
"2010120900",2010,14,8,0.25,0.375,2.75,0.4188723862171173,6,0.375,0.5,1.75,0.4780208468437195,"a"
"2010121200",2010,14,17,0.625,0.6875,2.25,0.46889179944992065,11,0.625,0.8125,1,0.48152777552604675,"a"
"2010121201",2010,14,9,0.375,0.3125,1.125,0.4603729546070099,3,0.375,0.5,1.625,0.4712499976158142,"h"
"2010121202",2010,14,4,0.75,0.8125,0.875,0.5225867629051208,2,0.125,0.25,2.625,0.48489582538604736,"h"
"2010121203",2010,14,7,0.625,0.5,1.625,0.5241666436195374,15,0.25,0.375,1.75,0.5266319513320923,"h"
"2010121204",2010,14,28,0.25,0.375,1.125,0.45962488651275635,24,0.75,0.5625,1.375,0.5090858340263367,"a"
"2010121205",2010,14,18,0.375,0.1875,1.25,0.4977923333644867,19,0.5,0.6875,1.375,0.5289530158042908,"h"
"2010121207",2010,14,22,0.25,0.1875,2.375,0.4690625071525574,21,0.75,0.8125,1.375,0.535701334476471,"a"
"2010121208",2010,14,23,0.625,0.6875,2.125,0.5382857918739319,32,0.25,0.375,1.625,0.49617478251457214,"h"
"2010121209",2010,14,30,0.625,0.4375,1.5,0.49247103929519653,31,0.25,0.375,2.375,0.4713541567325592,"h"
"2010121210",2010,14,12,0.625,0.75,1.125,0.5461111068725586,10,0.75,0.4375,2,0.522735595703125,"a"
"2010121211",2010,14,29,0.375,0.3125,2.25,0.4407638907432556,13,0.125,0.1875,1.875,0.4652777910232544,"h"
"2010121212",2010,14,16,0.75,0.625,1.875,0.5417708158493042,14,0.375,0.5625,1.125,0.5074914693832397,"h"
"2010121213",2010,14,25,0.25,0.4375,2.375,0.5366319417953491,26,0.625,0.6875,1.125,0.49958333373069763,"a"
"2010121300",2010,14,5,0.5,0.5,1.25,0.5031871795654297,1,0.625,0.75,1.625,0.509913444519043,"a"
"2010121301",2010,14,20,0.625,0.375,2.25,0.5319632291793823,27,0.625,0.625,2.5,0.5413541793823242,"a"
"2010121600",2010,15,16,0.75,0.625,1.75,0.562048614025116,30,0.25,0.4375,1.25,0.4818750023841858,"h"
"2010121900",2010,15,32,0.5,0.375,1.25,0.5199652910232544,14,0.375,0.5625,1,0.5174567699432373,"a"
"2010121901",2010,15,10,0.125,0.4375,2,0.49857640266418457,9,0.25,0.3125,2.5,0.4845646917819977,"a"
"2010121902",2010,15,2,0.375,0.25,1.375,0.5305555462837219,3,0.25,0.4375,1.25,0.44527778029441833,"h"
"2010121903",2010,15,6,0.625,0.5,1.625,0.4934866726398468,7,0.375,0.5,2.25,0.5335069298744202,"h"
"2010121904",2010,15,8,0.375,0.4375,2.5,0.4326918423175812,5,0.375,0.4375,1.125,0.4792345464229584,"h"
"2010121905",2010,15,25,0.25,0.4375,2.25,0.5261458158493042,28,0.375,0.3125,2.25,0.47519010305404663,"h"
"2010121906",2010,15,27,0.625,0.625,2.125,0.5473958253860474,26,0.75,0.75,1.375,0.5139583349227905,"a"
"2010121907",2010,15,22,0.25,0.1875,2.5,0.48218750953674316,29,0.25,0.3125,2.625,0.428835391998291,"h"
"2010121908",2010,15,24,0.375,0.5625,1.25,0.5055524706840515,18,0.125,0.25,2.625,0.5010794997215271,"a"
"2010121909",2010,15,1,0.875,0.75,0.625,0.5194492340087891,23,0.625,0.625,1.75,0.4989583194255829,"h"
"2010121910",2010,15,31,0.5,0.375,2,0.4303472340106964,21,0.75,0.8125,1.125,0.5355624556541443,"a"
"2010121911",2010,15,4,0.625,0.75,0.875,0.514114499092102,12,0.875,0.75,1.125,0.52993243932724,"a"
"2010121912",2010,15,15,0.625,0.4375,2,0.5073696374893188,13,0.125,0.1875,1.875,0.4585416615009308,"h"
"2010121913",2010,15,11,1,0.8125,0.5,0.46974655985832214,19,0.375,0.625,1.5,0.535932183265686,"h"
"2010122000",2010,15,20,0.5,0.3125,2.875,0.5145326852798462,17,0.875,0.75,1.375,0.5131944417953491,"a"
"2010122300",2010,16,4,0.625,0.75,0.875,0.5306770205497742,22,0.125,0.1875,1.875,0.4475347101688385,"h"
"2010122500",2010,16,29,0.5,0.375,1.875,0.4394444525241852,25,0.5,0.375,1.5,0.5242910981178284,"h"
"2010122600",2010,16,17,0.625,0.75,2.25,0.4676041603088379,12,0.75,0.6875,1.375,0.5314949154853821,"h"
"2010122601",2010,16,9,0.25,0.25,2,0.43940073251724243,11,0.75,0.875,0.75,0.49000000953674316,"a"
"2010122602",2010,16,3,0.5,0.375,2.125,0.5014072060585022,1,0.625,0.75,1.75,0.5182468295097351,"a"
"2010122603",2010,16,14,0.875,0.625,0.625,0.5174791812896729,8,0.5,0.4375,1.25,0.43156251311302185,"h"
"2010122605",2010,16,24,0.5,0.625,1,0.5200316309928894,31,0.25,0.375,1.875,0.47295138239860535,"h"
"2010122606",2010,16,32,0.625,0.4375,1.375,0.5330208539962769,30,0.125,0.375,1.5,0.46881943941116333,"h"
"2010122607",2010,16,10,0.125,0.4375,2,0.5181597471237183,18,0.25,0.3125,1.875,0.4872947633266449,"a"
"2010122608",2010,16,7,0.625,0.5,1.75,0.5158502459526062,28,0.5,0.375,2.375,0.4668745696544647,"a"
"2010122609",2010,16,13,0.375,0.25,1.625,0.49541667103767395,5,0.25,0.375,1.125,0.4699290096759796,"h"
"2010122610",2010,16,15,0.625,0.4375,1.75,0.5027515888214111,6,0.5,0.5625,1.625,0.4937500059604645,"a"
"2010122611",2010,16,19,0.875,0.625,1,0.5252564549446106,27,0.5,0.5625,3.25,0.5178819298744202,"h"
"2010122612",2010,16,2,0.375,0.25,1.375,0.5228124856948853,16,0.375,0.5625,1.875,0.5493749976158142,"h"
"2010122700",2010,16,21,0.875,0.8125,0.875,0.535243034362793,23,0.75,0.6875,1.625,0.5139930844306946,"a"
"2010122800",2010,16,26,0.625,0.6875,1.625,0.527430534362793,20,0.25,0.375,1.875,0.5012123584747314,"a"
"2011010200",2010,17,11,1,0.875,0.5,0.4778715670108795,10,0.75,0.4375,1.75,0.5046046376228333,"h"
"2011010201",2010,17,12,0.625,0.6875,1.25,0.5343402624130249,9,0.25,0.25,2.875,0.4821341335773468,"h"
"2011010202",2010,17,1,0.875,0.75,0.75,0.5048658847808838,2,0.125,0.25,2.875,0.5180902481079102,"h"
"2011010203",2010,17,3,0.375,0.3125,2.375,0.4884905219078064,4,0.875,0.75,1.375,0.5299742817878723,"a"
"2011010204",2010,17,5,0.5,0.375,1.125,0.498256653547287,7,0.375,0.5,2.375,0.5413541793823242,"h"
"2011010205",2010,17,6,0.75,0.625,1.5,0.4972713887691498,8,0.375,0.375,1.125,0.4293055534362793,"h"
"2011010206",2010,17,14,0.875,0.625,0.75,0.5194583535194397,15,0.375,0.5,1.5,0.534618079662323,"a"
"2011010207",2010,17,26,0.5,0.625,1.75,0.527673602104187,25,0.5,0.375,1.5,0.5120688676834106,"a"
"2011010208",2010,17,28,0.25,0.375,1.5,0.4652498960494995,27,0.625,0.625,3.125,0.5370486378669739,"a"
"2011010209",2010,17,18,0.5,0.375,1.25,0.497965931892395,20,0.25,0.375,1.75,0.4926736056804657,"h"
"2011010210",2010,17,19,0.875,0.625,1.25,0.5192148089408875,17,0.75,0.6875,1.625,0.5162152647972107,"h"
"2011010211",2010,17,21,0.875,0.8125,1,0.5375000238418579,22,0,0.125,2.125,0.4313541650772095,"h"
"2011010212",2010,17,23,0.625,0.6875,2.375,0.5454966425895691,24,0.75,0.625,1.375,0.5018749833106995,"a"
"2011010213",2010,17,13,0.375,0.25,1.5,0.4799652695655823,16,0.375,0.5625,1.875,0.53947913646698,"a"
"2011010214",2010,17,30,0.625,0.375,1.375,0.48531827330589294,29,0.125,0.3125,2.5,0.43525901436805725,"h"
"2011010215",2010,17,31,0.625,0.4375,2,0.44517362117767334,32,0.25,0.4375,1.25,0.49499422311782837,"h"
"2011090800",2011,1,19,0.875,0.625,1.25,0.5233120322227478,23,0.625,0.625,1.75,0.5023958086967468,"h"
"2011091100",2011,1,1,0.875,0.75,0.75,0.5098311305046082,4,0.75,0.6875,2.125,0.5170923471450806,"h"
"2011091101",2011,1,3,0.375,0.3125,2.25,0.49439331889152527,2,0.25,0.3125,2.625,0.5150694251060486,"a"
"2011091102",2011,1,5,0.5,0.375,1.375,0.510444164276123,6,0.5,0.625,1.75,0.4815624952316284,"h"
"2011091103",2011,1,7,0.625,0.5,1.875,0.5369613766670227,8,0.25,0.3125,1.25,0.41263890266418457,"h"
"2011091104",2011,1,14,0.75,0.5625,1.125,0.5203611254692078,9,0.375,0.3125,2.75,0.4987313449382782,"a"
"2011091105",2011,1,17,0.625,0.6875,1.875,0.464722216129303,21,0.75,0.8125,1.375,0.5302672386169434,"h"
"2011091106",2011,1,24,0.375,0.5625,1,0.5017677545547485,18,0.375,0.4375,1.625,0.5104544758796692,"a"
"2011091107",2011,1,32,0.625,0.4375,1,0.5265972018241882,26,0.75,0.625,1.5,0.5126388669013977,"a"
"2011091108",2011,1,28,0.25,0.375,1.625,0.47910407185554504,27,0.625,0.625,2.875,0.5422569513320923,"h"
"2011091109",2011,1,29,0.5,0.3125,1.625,0.4398263990879059,22,0,0.125,1.625,0.4468402862548828,"h"
"2011091110",2011,1,30,0.75,0.4375,0.875,0.4932002127170563,31,0.25,0.4375,1.75,0.48614582419395447,"h"
"2011091111",2011,1,16,0.75,0.5625,1.625,0.5780555605888367,20,0.25,0.375,1.75,0.4852430522441864,"h"
"2011091112",2011,1,12,0.75,0.75,1.375,0.5440278053283691,25,0.5,0.375,1.75,0.511721670627594,"h"
"2011091200",2011,1,10,0.125,0.4375,2,0.5155555605888367,11,0.875,0.9375,0.5,0.49204862117767334,"a"
"2011091201",2011,1,13,0.25,0.1875,1.875,0.45906248688697815,15,0.5,0.5625,1.375,0.5422222018241882,"a"
"2011091800",2011,2,18,0.625,0.5,1.125,0.5047714710235596,14,0.25,0.5,1.5,0.5057553648948669,"h"
"2011091801",2011,2,9,0.375,0.375,2.125,0.45537295937538147,15,0.5,0.5625,1.5,0.5344097018241882,"h"
"2011091802",2011,2,8,0.375,0.3125,2.5,0.442691832780838,1,0.5,0.6875,1.75,0.4882467985153198,"h"
"2011091803",2011,2,12,0.75,0.75,1.625,0.5457985997200012,7,0.375,0.5,2.125,0.5334722399711609,"h"
"2011091804",2011,2,6,0.625,0.5625,1.625,0.47713249921798706,3,0.375,0.375,1,0.4596875011920929,"a"
"2011091805",2011,2,28,0.375,0.4375,1.875,0.5038247108459473,29,0,0.25,2.25,0.42348816990852356,"h"
"2011091806",2011,2,20,0.5,0.375,2.5,0.5097410082817078,24,0.75,0.5625,1.5,0.4928819537162781,"a"
"2011091807",2011,2,22,0.25,0.125,2.625,0.48923611640930176,19,0.375,0.625,1.375,0.526591956615448,"a"
"2011091808",2011,2,23,0.625,0.625,2.5,0.5507397055625916,17,0.625,0.625,1.75,0.5108680725097656,"h"
"2011091809",2011,2,4,0.625,0.6875,0.75,0.5472569465637207,31,0.25,0.4375,1.5,0.4738541543483734,"h"
"2011091810",2011,2,30,0.75,0.4375,0.375,0.49342572689056396,25,0.5,0.375,2,0.5083017349243164,"a"
"2011091811",2011,2,11,1,0.9375,0.5,0.47967711091041565,16,0.375,0.5625,2.25,0.5259374976158142,"h"
"2011091812",2011,2,13,0.375,0.25,1.875,0.4598610997200012,2,0.125,0.25,2.375,0.5012847185134888,"h"
"2011091813",2011,2,10,0.125,0.4375,1.75,0.5022569298744202,5,0.25,0.375,1,0.4714583456516266,"a"
"2011091814",2011,2,21,0.875,0.8125,1.125,0.5181944370269775,26,0.625,0.5625,1.875,0.518750011920929,"h"
"2011091900",2011,2,27,0.625,0.625,1.75,0.5464583039283752,32,0.25,0.4375,1.375,0.5004456043243408,"h"
"2011092500",2011,3,22,0.375,0.1875,2.125,0.5015972256660461,7,0.25,0.4375,1.875,0.5253124833106995,"h"
"2011092501",2011,3,23,0.75,0.6875,2.375,0.5664235949516296,5,0.125,0.3125,1.125,0.47274306416511536,"h"
"2011092502",2011,3,9,0.5,0.4375,2.125,0.4746090769767761,11,0.75,0.875,1,0.4994097352027893,"h"
"2011092503",2011,3,3,0.375,0.375,2.25,0.4764419198036194,10,0.625,0.375,2,0.5066184997558594,"h"
"2011092504",2011,3,8,0.5,0.375,1.875,0.45220571756362915,13,0.125,0.25,1.875,0.4556249976158142,"h"
"2011092505",2011,3,26,0.5,0.5625,2,0.5459374785423279,27,0.625,0.625,2.625,0.5095486044883728,"a"
"2011092506",2011,3,20,0.375,0.3125,2.125,0.49948278069496155,18,0.5,0.5625,1.25,0.520712673664093,"a"
"2011092507",2011,3,2,0.25,0.1875,1.75,0.5028125047683716,30,0.25,0.5,1.375,0.47420138120651245,"a"
"2011092508",2011,3,15,0.625,0.5625,1.5,0.48181408643722534,12,0.625,0.6875,1.625,0.5440643429756165,"h"
"2011092509",2011,3,16,0.75,0.5625,1.75,0.5775347352027893,14,0.25,0.5,1.5,0.5051303505897522,"h"
"2011092510",2011,3,32,0.5,0.375,1,0.5140625238418579,1,0.625,0.75,1.375,0.49960097670555115,"a"
"2011092511",2011,3,17,0.5,0.5625,2,0.4612500071525574,19,0.5,0.6875,1.375,0.5300641655921936,"a"
"2011092512",2011,3,31,0.625,0.4375,2,0.44711804389953613,29,0,0.25,2.125,0.4464742839336395,"h"
"2011092513",2011,3,24,0.5,0.625,1,0.5075316429138184,21,0.625,0.75,1.625,0.5021528005599976,"h"
"2011092514",2011,3,6,0.5,0.5,1.625,0.45966723561286926,4,0.75,0.6875,2.25,0.5318145155906677,"a"
"2011092600",2011,3,25,0.375,0.4375,2.125,0.5218402743339539,28,0.5,0.4375,2.375,0.47361066937446594,"h"
"2011100200",2011,4,2,0.375,0.25,1.5,0.5064930319786072,9,0.375,0.4375,2.5,0.5005021691322327,"h"
"2011100201",2011,4,3,0.375,0.375,2,0.4909905195236206,8,0.25,0.375,1.375,0.4123263955116272,"a"
"2011100202",2011,4,5,0.625,0.375,1,0.518881618976593,4,0.625,0.625,2.125,0.526536762714386,"h"
"2011100203",2011,4,25,0.375,0.4375,2.125,0.5216666460037231,18,0.625,0.625,1,0.49099045991897583,"a"
"2011100204",2011,4,26,0.5,0.5625,2.125,0.5421527624130249,30,0.375,0.5625,1.375,0.4798263907432556,"a"
"2011100205",2011,4,17,0.625,0.625,2.125,0.46312499046325684,22,0,0.1875,1.625,0.4715277850627899,"h"
"2011100206",2011,4,32,0.375,0.3125,1,0.4973958432674408,28,0.5,0.4375,2.5,0.4905203878879547,"a"
"2011100207",2011,4,7,0.625,0.4375,1.875,0.5161975026130676,23,0.75,0.75,1.5,0.5171180367469788,"a"
"2011100208",2011,4,14,0.75,0.5,1,0.5078611373901367,20,0.25,0.3125,1.5,0.49791666865348816,"h"
"2011100209",2011,4,29,0.375,0.1875,1.75,0.44399306178092957,27,0.625,0.625,2.25,0.4897569417953491,"a"
"2011100210",2011,4,31,0.5,0.375,2,0.4385764002799988,21,0.625,0.75,1.5,0.5231249928474426,"a"
"2011100211",2011,4,19,0.875,0.6875,1,0.545464813709259,13,0,0.1875,2.25,0.43829861283302307,"h"
"2011100212",2011,4,15,0.625,0.5625,1.375,0.48768213391304016,11,0.75,0.875,1,0.5016666650772095,"a"
"2011100213",2011,4,16,0.875,0.625,1.25,0.575208306312561,10,0.5,0.3125,2,0.5118268728256226,"h"
"2011100214",2011,4,1,0.875,0.75,1.125,0.5122964382171631,12,0.5,0.625,2.125,0.5066685080528259,"h"
"2011100300",2011,4,24,0.625,0.6875,0.875,0.5293719172477722,6,0.375,0.4375,1.875,0.46253472566604614,"h"
"2011100900",2011,5,4,0.75,0.6875,0.875,0.5532639026641846,8,0.125,0.3125,1.5,0.40166667103767395,"h"
"2011100901",2011,5,5,0.625,0.375,1,0.5465205311775208,15,0.625,0.625,1.375,0.5321875214576721,"a"
"2011100902",2011,5,6,0.375,0.375,1.625,0.43980610370635986,14,0.375,0.5625,1.5,0.5044012069702148,"a"
"2011100903",2011,5,7,0.5,0.375,2.125,0.5113711357116699,2,0.25,0.3125,2.25,0.5081944465637207,"a"
"2011100904",2011,5,27,0.625,0.625,2,0.5456249713897705,31,0.25,0.375,1.875,0.46215277910232544,"a"
"2011100905",2011,5,20,0.375,0.3125,2.125,0.5018786191940308,29,0,0.1875,2.25,0.4589395523071289,"h"
"2011100906",2011,5,22,0.375,0.1875,1.875,0.49253472685813904,23,0.75,0.75,1.5,0.5237500071525574,"a"
"2011100907",2011,5,9,0.625,0.5,2.25,0.4912410080432892,26,0.5,0.5,2.375,0.5095139145851135,"h"
"2011100908",2011,5,30,0.75,0.5625,0.5,0.48863404989242554,24,0.625,0.625,1.5,0.48982638120651245,"h"
"2011100909",2011,5,11,1,0.875,0.5,0.48325350880622864,12,0.375,0.5625,1.75,0.49930742383003235,"h"
"2011100910",2011,5,13,0.375,0.1875,1.75,0.43795138597488403,16,0.5,0.6875,1.875,0.5344097018241882,"a"
"2011100911",2011,5,21,0.75,0.6875,1.125,0.5129861235618591,19,0.625,0.75,1.25,0.5381597280502319,"a"
"2011101000",2011,5,18,0.625,0.625,1.25,0.49272286891937256,17,0.625,0.625,1.375,0.5368402600288391,"h"
"2011101600",2011,6,27,0.625,0.625,1.625,0.5401389002799988,9,0.375,0.5,2.25,0.48609721660614014,"h"
"2011101601",2011,6,2,0.5,0.375,1.375,0.5212500095367432,6,0.375,0.375,2,0.45454859733581543,"h"
"2011101602",2011,6,4,0.75,0.6875,0.75,0.551770806312561,7,0.25,0.375,1.5,0.5311111211776733,"h"
"2011101603",2011,6,28,0.25,0.375,2.25,0.4854166805744171,26,0.625,0.5625,2.125,0.5193750262260437,"a"
"2011101604",2011,6,18,0.5,0.5625,1,0.4889381527900696,30,0.5,0.625,1.25,0.47767361998558044,"a"
"2011101605",2011,6,19,1,0.8125,1,0.5534027814865112,32,0.25,0.3125,1.125,0.4950636923313141,"h"
"2011101606",2011,6,21,0.75,0.6875,0.875,0.5149305462837219,22,0,0.1875,1.5,0.48381945490837097,"h"
"2011101607",2011,6,15,0.625,0.625,1.5,0.5032029747962952,3,0.375,0.375,1.125,0.4502083361148834,"h"
"2011101608",2011,6,1,0.875,0.75,1.125,0.5296527743339539,5,0.125,0.375,0.875,0.48152777552604675,"h"
"2011101609",2011,6,24,0.625,0.625,0.875,0.5296496748924255,23,0.625,0.6875,1.875,0.5109722018241882,"h"
"2011101610",2011,6,11,1,0.875,0.75,0.4837152659893036,25,0.5,0.4375,2,0.5096558928489685,"h"
"2011101611",2011,6,17,0.75,0.6875,1.5,0.4628472328186035,20,0.25,0.3125,1.125,0.4943055510520935,"h"
"2011101700",2011,6,12,0.75,0.5625,1.75,0.5383680462837219,10,0.375,0.25,2.25,0.5017361044883728,"h"
"2011102300",2011,7,10,0.125,0.25,1.75,0.5030645728111267,13,0.125,0.25,2.25,0.4522826373577118,"a"
"2011102301",2011,7,12,0.875,0.625,1.625,0.5412499904632568,16,0.5,0.6875,1.75,0.5228819251060486,"h"
"2011102302",2011,7,8,0.5,0.3125,1.875,0.4466501772403717,5,0.25,0.4375,0.75,0.5093402862548828,"a"
"2011102303",2011,7,18,0.5,0.5625,1.125,0.4753819406032562,21,0.75,0.75,1.5,0.5418750047683716,"a"
"2011102304",2011,7,22,0.375,0.1875,1.5,0.4913194477558136,28,0.375,0.3125,2.5,0.48072871565818787,"h"
"2011102305",2011,7,24,0.5,0.5625,1.125,0.5202052593231201,17,0.625,0.6875,1.125,0.542847216129303,"a"
"2011102306",2011,7,3,0.375,0.375,2,0.5009905099868774,31,0.25,0.375,2,0.4478472173213959,"h"
"2011102307",2011,7,29,0.375,0.1875,1.375,0.4329513907432556,4,0.75,0.75,1.875,0.5471270680427551,"a"
"2011102308",2011,7,15,0.5,0.5625,2.25,0.4830293655395508,14,0.5,0.625,1.5,0.5085069537162781,"a"
"2011102309",2011,7,20,0.25,0.25,2,0.4871028959751129,19,0.625,0.8125,1.375,0.5454166531562805,"a"
"2011102310",2011,7,25,0.5,0.5,2,0.5455208420753479,32,0.25,0.3125,1.25,0.48961228132247925,"h"
"2011102311",2011,7,23,0.75,0.6875,2.125,0.566319465637207,6,0.25,0.3125,2,0.4424305558204651,"h"
"2011102400",2011,7,7,0.625,0.4375,1.75,0.5301210880279541,1,0.5,0.6875,1.375,0.48550376296043396,"h"
"2011103000",2011,8,27,0.625,0.625,1.5,0.5395833253860474,10,0.25,0.1875,2.125,0.4894097149372101,"h"
"2011103001",2011,8,5,0.625,0.4375,1.25,0.5648191571235657,7,0.125,0.375,1.625,0.5146527886390686,"h"
"2011103002",2011,8,8,0.5,0.3125,1.5,0.4567890465259552,6,0.25,0.3125,2,0.4431944489479065,"h"
"2011103003",2011,8,22,0.375,0.1875,1.5,0.4967361092567444,20,0.375,0.3125,1.125,0.487951397895813,"a"
"2011103004",2011,8,32,0.375,0.3125,1.125,0.4932291805744171,23,0.5,0.625,1.875,0.5178472399711609,"h"
"2011103005",2011,8,1,0.875,0.6875,1.375,0.511597216129303,29,0,0.1875,1.75,0.4747381806373596,"h"
"2011103006",2011,8,13,0.375,0.25,1.75,0.4568749964237213,18,0.75,0.625,0.625,0.4957126975059509,"a"
"2011103007",2011,8,9,0.75,0.5625,2.125,0.5038799047470093,28,0.375,0.3125,2.5,0.47513845562934875,"h"
"2011103008",2011,8,4,0.875,0.8125,0.75,0.574340283870697,11,0.75,0.875,0.625,0.49909722805023193,"h"
"2011103009",2011,8,30,0.75,0.625,0.5,0.4872104227542877,3,0.375,0.375,1,0.4482291638851166,"h"
"2011103010",2011,8,31,0.375,0.3125,2.125,0.42038193345069885,2,0.375,0.4375,2.375,0.5104513764381409,"a"
"2011103011",2011,8,26,0.5,0.5625,2,0.5590277910232544,25,0.5,0.5,1.625,0.5008711814880371,"h"
"2011103100",2011,8,14,0.75,0.625,1.5,0.49483728408813477,16,0.5,0.6875,2.125,0.5346210598945618,"h"
"2011110600",2011,9,9,0.625,0.5,2.375,0.4924910068511963,12,0.375,0.625,1.75,0.5189400315284729,"a"
"2011110601",2011,9,5,0.75,0.5,1.25,0.5678052306175232,3,0.25,0.3125,1.25,0.448888897895813,"h"
"2011110602",2011,9,14,0.625,0.5625,1.5,0.5076358914375305,10,0.375,0.25,1.75,0.49715277552604675,"a"
"2011110603",2011,9,25,0.625,0.5625,1.625,0.5497569441795349,31,0.125,0.25,2.25,0.43840277194976807,"h"
"2011110604",2011,9,28,0.25,0.3125,2.375,0.4753819406032562,30,0.625,0.6875,1.25,0.4951736032962799,"a"
"2011110605",2011,9,23,0.875,0.6875,1.75,0.5548611283302307,24,0.5,0.5,1.25,0.48868054151535034,"h"
"2011110606",2011,9,6,0.25,0.25,1.875,0.4323408305644989,21,0.75,0.75,1.625,0.5457291603088379,"a"
"2011110607",2011,9,15,0.375,0.5,2.25,0.48260417580604553,13,0.25,0.3125,2,0.4635673463344574,"a"
"2011110608",2011,9,8,0.5,0.3125,1.375,0.4634374976158142,2,0.5,0.5,1.75,0.5078125,"a"
"2011110609",2011,9,11,0.875,0.8125,1.25,0.4938194453716278,27,0.625,0.625,2.375,0.46416667103767395,"a"
"2011110610",2011,9,16,0.75,0.625,1.5,0.5595138669013977,19,0.625,0.8125,1.375,0.5380902886390686,"a"
"2011110611",2011,9,29,0.5,0.25,1.125,0.4314519464969635,32,0.25,0.3125,1.375,0.4971591532230377,"h"
"2011110612",2011,9,4,0.75,0.75,0.875,0.5602430701255798,1,0.625,0.75,1.5,0.4874725341796875,"a"
"2011110700",2011,9,26,0.375,0.5,2.25,0.5480208396911621,17,0.625,0.6875,1.25,0.5475000143051147,"a"
"2011111000",2011,10,16,0.625,0.5625,1.625,0.5450694561004639,15,0.625,0.5,1.625,0.519618034362793,"a"
"2011111300",2011,10,25,0.625,0.5625,1.5,0.5590624809265137,9,0.375,0.5,2.625,0.4735416769981384,"h"
"2011111301",2011,10,22,0.375,0.1875,1.5,0.5007985830307007,8,0.25,0.375,1.625,0.42329859733581543,"a"
"2011111302",2011,10,24,0.5,0.5,1.5,0.5054135918617249,5,0.375,0.5625,0.625,0.5289583206176758,"a"
"2011111303",2011,10,2,0.5,0.5,1.375,0.5179861187934875,4,0.75,0.75,1.75,0.5503909587860107,"a"
"2011111304",2011,10,6,0.25,0.25,1.625,0.432931125164032,7,0.25,0.4375,1.5,0.5144444704055786,"a"
"2011111305",2011,10,14,0.5,0.5,1.5,0.5049970149993896,13,0.375,0.375,1.875,0.48012983798980713,"a"
"2011111306",2011,10,26,0.25,0.4375,2.25,0.5360069274902344,29,0.125,0.3125,1.875,0.48868054151535034,"a"
"2011111307",2011,10,17,0.75,0.6875,1.375,0.4512847363948822,18,0.75,0.625,1.25,0.492587685585022,"h"
"2011111308",2011,10,21,0.625,0.6875,1,0.5124745965003967,23,0.5,0.6875,1.75,0.5170739889144897,"a"
"2011111309",2011,10,10,0.125,0.25,1.875,0.5040715336799622,28,0.25,0.25,2.625,0.4550177752971649,"h"
"2011111310",2011,10,3,0.375,0.3125,1.875,0.5224305391311646,32,0.25,0.3125,1.625,0.48313137888908386,"a"
"2011111311",2011,10,31,0.5,0.3125,1.75,0.457013875246048,1,0.625,0.75,1.625,0.4877502918243408,"h"
"2011111312",2011,10,30,0.75,0.6875,0.625,0.48213523626327515,27,0.625,0.625,2,0.4822569489479065,"h"
"2011111313",2011,10,12,0.75,0.5625,1.75,0.5320138931274414,11,0.75,0.8125,0.625,0.49628472328186035,"a"
"2011111400",2011,10,19,1,0.8125,0.875,0.5625,20,0.375,0.3125,0.75,0.49076390266418457,"h"
"2011111700",2011,11,13,0.375,0.375,1.875,0.4561458230018616,12,0.25,0.5,1.875,0.5071874856948853,"h"
"2011112000",2011,11,20,0.25,0.3125,2.375,0.48196402192115784,15,0.75,0.5625,1.375,0.5373610854148865,"a"
"2011112001",2011,11,21,0.625,0.6875,1.125,0.5162940621376038,8,0.25,0.375,1.375,0.4151389002799988,"h"
"2011112002",2011,11,10,0.25,0.3125,1.75,0.5227173566818237,9,0.25,0.4375,2.625,0.47572916746139526,"h"
"2011112003",2011,11,3,0.375,0.3125,1.625,0.5169791579246521,7,0.125,0.375,1.5,0.4956597089767456,"h"
"2011112004",2011,11,1,0.875,0.75,1.375,0.5034375190734863,2,0.5,0.5,1.75,0.5210763812065125,"h"
"2011112005",2011,11,28,0.25,0.25,2.25,0.4900122582912445,25,0.5,0.5625,1.5,0.5196436047554016,"a"
"2011112006",2011,11,18,0.625,0.6875,1.25,0.47961804270744324,22,0,0.1875,1.875,0.4801041781902313,"h"
"2011112007",2011,11,19,1,0.8125,1,0.5431597232818604,24,0.5,0.5,1.25,0.500034749507904,"h"
"2011112008",2011,11,30,0.875,0.75,0.5,0.5251907706260681,29,0.125,0.3125,2.5,0.45402777194976807,"h"
"2011112009",2011,11,32,0.25,0.25,1.5,0.4693402647972107,31,0.25,0.375,2.25,0.45663195848464966,"a"
"2011112010",2011,11,17,0.75,0.6875,1.5,0.4619791805744171,16,0.375,0.5,2.25,0.5359752178192139,"h"
"2011112011",2011,11,27,0.625,0.625,1.375,0.5101041793823242,26,0.625,0.4375,2.5,0.5154513716697693,"a"
"2011112100",2011,11,11,0.875,0.8125,1.375,0.48934027552604675,14,0.5,0.5,1.75,0.507777750492096,"h"
"2011112400",2011,12,18,0.625,0.6875,1.625,0.48819443583488464,19,0.75,0.875,1.25,0.5398958325386047,"a"
"2011112401",2011,12,25,0.75,0.625,1.375,0.5462499856948853,10,0.25,0.25,1.75,0.4759722352027893,"h"
"2011112402",2011,12,1,1,0.8125,1.25,0.5144097208976746,30,0.5,0.6875,1.25,0.4740277826786041,"h"
"2011112700",2011,12,12,0.75,0.5,1.875,0.5118749737739563,9,0.25,0.4375,2,0.4968402683734894,"h"
"2011112701",2011,12,2,0.625,0.5625,1.125,0.5167708396911621,3,0.25,0.3125,1.25,0.4486805498600006,"h"
"2011112702",2011,12,7,0.5,0.3125,1.875,0.5223433375358582,5,0.5,0.625,0.5,0.5293055772781372,"a"
"2011112703",2011,12,21,0.625,0.6875,1.25,0.5225093364715576,20,0.25,0.25,0.75,0.4746527671813965,"h"
"2011112704",2011,12,32,0.25,0.25,1.625,0.4733680486679077,29,0.25,0.375,2.625,0.47677081823349,"a"
"2011112705",2011,12,6,0.25,0.25,1.375,0.43187499046325684,22,0.125,0.25,1.875,0.4968055486679077,"a"
"2011112706",2011,12,8,0.625,0.4375,1.625,0.4911110997200012,24,0.375,0.4375,1.875,0.4796527922153473,"h"
"2011112707",2011,12,31,0.5,0.375,1.5,0.4730902910232544,28,0.375,0.3125,2.125,0.47126778960227966,"a"
"2011112708",2011,12,15,0.5,0.625,2,0.5069097280502319,17,0.5,0.625,1.5,0.5310763716697693,"h"
"2011112709",2011,12,26,0.125,0.375,2.25,0.526562511920929,11,0.75,0.8125,0.625,0.5042014122009277,"a"
"2011112710",2011,12,16,0.625,0.5,1.375,0.5632999539375305,13,0.5,0.4375,1.75,0.4949896037578583,"a"
"2011112711",2011,12,14,0.375,0.4375,1.875,0.4826359152793884,4,0.75,0.75,1.875,0.5422222018241882,"a"
"2011112800",2011,12,23,0.875,0.6875,1.5,0.5432639122009277,27,0.5,0.5625,2,0.47968751192092896,"h"
"2011120100",2011,13,31,0.5,0.375,1.25,0.4748263955116272,26,0.625,0.375,2.875,0.5106596946716309,"h"
"2011120400",2011,13,28,0.25,0.3125,2.5,0.4918525516986847,12,0.375,0.5625,1.625,0.5138888955116272,"a"
"2011120401",2011,13,17,0.75,0.625,1.375,0.47652778029441833,14,0.5,0.4375,1.75,0.49038195610046387,"a"
"2011120402",2011,13,9,0.625,0.4375,2.375,0.511631965637207,8,0.375,0.5,1,0.4316319525241852,"a"
"2011120403",2011,13,10,0.375,0.3125,1.375,0.5388284921646118,15,0.625,0.5625,1.375,0.5019791722297668,"h"
"2011120404",2011,13,3,0.375,0.3125,1.25,0.504895806312561,1,0.625,0.8125,1.5,0.4940350353717804,"a"
"2011120405",2011,13,4,0.75,0.75,0.875,0.5565277934074402,2,0.5,0.5625,1.625,0.5247916579246521,"h"
"2011120406",2011,13,23,0.875,0.6875,1.25,0.5248264074325562,18,0.75,0.6875,1.125,0.5033515691757202,"h"
"2011120407",2011,13,24,0.5,0.4375,1.625,0.5007985830307007,22,0.25,0.3125,1.75,0.5013541579246521,"a"
"2011120408",2011,13,5,0.75,0.625,1.375,0.5581871867179871,21,0.625,0.625,1.625,0.5393402576446533,"h"
"2011120409",2011,13,20,0.125,0.1875,2.25,0.4900889992713928,13,0.625,0.5,1.25,0.4793646037578583,"a"
"2011120410",2011,13,27,0.5,0.5,1.625,0.5151041746139526,19,0.875,0.9375,1,0.5479166507720947,"a"
"2011120411",2011,13,29,0.625,0.4375,0.875,0.44617095589637756,25,0.375,0.5625,1.5,0.5116751790046692,"h"
"2011120412",2011,13,30,0.875,0.6875,0.5,0.5359894037246704,32,0.125,0.1875,1.75,0.4626452922821045,"h"
"2011120413",2011,13,11,0.875,0.8125,1.375,0.47545138001441956,6,0.25,0.25,1.875,0.4563194513320923,"h"
"2011120500",2011,13,7,0.375,0.25,1.25,0.5228641629219055,16,0.375,0.5,2.25,0.5206627249717712,"a"
"2011120800",2011,14,4,0.875,0.8125,1.25,0.5490278005599976,3,0.125,0.25,1.5,0.45472222566604614,"h"
"2011121100",2011,14,28,0.25,0.3125,2.625,0.502303957939148,11,0.75,0.8125,0.75,0.47121527791023254,"a"
"2011121101",2011,14,19,1,0.9375,1.125,0.5254166722297668,15,0.625,0.5625,1.75,0.5045833587646484,"h"
"2011121102",2011,14,12,0.875,0.625,1.75,0.5199999809265137,14,0.5,0.4375,1.875,0.49552083015441895,"h"
"2011121103",2011,14,2,0.625,0.5625,1.375,0.507847249507904,5,0.625,0.6875,0.875,0.5277430415153503,"a"
"2011121104",2011,14,1,1,0.8125,1.5,0.524097204208374,6,0.125,0.1875,2,0.43829861283302307,"h"
"2011121105",2011,14,18,0.625,0.6875,1.375,0.4890972077846527,20,0.125,0.125,1.375,0.4713541567325592,"h"
"2011121106",2011,14,22,0.375,0.3125,1.5,0.5093749761581421,21,0.625,0.625,1.5,0.5307638645172119,"a"
"2011121107",2011,14,10,0.375,0.3125,1.5,0.5331340432167053,26,0.625,0.375,2.875,0.5179513692855835,"a"
"2011121108",2011,14,7,0.375,0.25,1.375,0.5289058089256287,24,0.375,0.4375,2.75,0.47593748569488525,"h"
"2011121109",2011,14,8,0.625,0.5,1.375,0.4806250035762787,23,0.625,0.75,1.5,0.535893440246582,"a"
"2011121110",2011,14,29,0.75,0.5,1,0.45207372307777405,30,0.5,0.6875,1.125,0.4909375011920929,"h"
"2011121111",2011,14,13,0.5,0.5625,1.875,0.4677663743495941,17,0.375,0.5625,1.5,0.5214697122573853,"h"
"2011121112",2011,14,16,0.625,0.5,1.25,0.5536819100379944,9,0.125,0.375,2.25,0.488159716129303,"h"
"2011121113",2011,14,25,0.75,0.5625,1.25,0.5327777862548828,27,0.625,0.5625,1.375,0.5032986402511597,"a"
"2011121200",2011,14,31,0.625,0.4375,1,0.4892013967037201,32,0.125,0.1875,1.5,0.4658397138118744,"h"
"2011121500",2011,15,21,0.75,0.6875,1,0.5539676547050476,7,0.125,0.25,1.75,0.4771527647972107,"h"
"2011121700",2011,15,24,0.375,0.375,1.75,0.4811111092567444,25,0.5,0.625,1.25,0.5114668011665344,"a"
"2011121800",2011,15,32,0.25,0.1875,1.375,0.4768750071525574,2,0.625,0.625,1.125,0.5151041746139526,"a"
"2011121801",2011,15,9,0.5,0.3125,2.625,0.5012500286102295,10,0.25,0.3125,1.75,0.48142361640930176,"a"
"2011121802",2011,15,6,0.25,0.1875,1.5,0.42857638001441956,8,0.375,0.5,1.125,0.4545833468437195,"h"
"2011121803",2011,15,27,0.375,0.5,1.875,0.4953819513320923,28,0.5,0.375,2,0.4928302764892578,"a"
"2011121804",2011,15,17,0.625,0.5,1.875,0.4811805486679077,31,0.375,0.5,1.75,0.46184027194976807,"a"
"2011121805",2011,15,20,0.125,0.125,2.25,0.47734594345092773,23,0.625,0.75,1.5,0.5405462384223938,"a"
"2011121806",2011,15,5,0.75,0.6875,1.5,0.5523611307144165,22,0.375,0.375,1.5,0.5179513692855835,"a"
"2011121807",2011,15,14,0.375,0.4375,1.625,0.47662895917892456,19,0.875,0.9375,0.75,0.5125347375869751,"h"
"2011121808",2011,15,15,0.375,0.5,1.75,0.5019097328186035,18,0.75,0.6875,1.25,0.49914708733558655,"a"
"2011121809",2011,15,26,0.25,0.4375,2.375,0.5273958444595337,12,0.25,0.5625,2.125,0.5164930820465088,"h"
"2011121810",2011,15,29,0.75,0.5,1,0.45264530181884766,3,0.125,0.25,1.25,0.46626871824264526,"h"
"2011121811",2011,15,13,0.375,0.5,2.125,0.45627331733703613,11,0.75,0.8125,0.75,0.4736805558204651,"a"
"2011121812",2011,15,16,0.625,0.5,1.25,0.5474666357040405,1,0.5,0.75,1.75,0.48576387763023376,"h"
"2011121900",2011,15,30,0.875,0.6875,0.5,0.5388365983963013,4,0.625,0.75,2.25,0.5365971922874451,"h"
"2011122200",2011,16,6,0.25,0.1875,1.5,0.4373264014720917,5,0.625,0.6875,0.875,0.5254861116409302,"h"
"2011122400",2011,16,9,0.625,0.375,1.75,0.5053819417953491,13,0.625,0.5,1.625,0.4886701703071594,"h"
"2011122401",2011,16,11,0.875,0.8125,1.375,0.499895840883255,10,0.25,0.3125,1.75,0.49263888597488403,"h"
"2011122402",2011,16,1,1,0.75,1.375,0.5386805534362793,3,0.125,0.25,1.375,0.47824788093566895,"h"
"2011122403",2011,16,8,0.625,0.5,1.625,0.4878472089767456,7,0.125,0.25,1.625,0.47343748807907104,"h"
"2011122404",2011,16,14,0.375,0.4375,1.625,0.48694854974746704,15,0.625,0.5,1.875,0.49426373839378357,"a"
"2011122405",2011,16,12,0.75,0.5,2,0.5210763812065125,27,0.625,0.5,1.375,0.4857291579246521,"a"
"2011122406",2011,16,28,0.25,0.375,2.375,0.5080678462982178,20,0.25,0.1875,1.25,0.47225695848464966,"a"
"2011122407",2011,16,22,0.375,0.375,1.375,0.4887847304344177,24,0.25,0.3125,3,0.48444443941116333,"h"
"2011122408",2011,16,2,0.625,0.625,1.625,0.4945138990879059,29,0.25,0.5,2.75,0.4675000011920929,"h"
"2011122409",2011,16,4,0.875,0.75,1.125,0.5362153053283691,32,0.125,0.1875,1.375,0.4772980511188507,"h"
"2011122410",2011,16,18,0.625,0.6875,1.125,0.4921875,16,0.375,0.5,2.25,0.5160793662071228,"h"
"2011122411",2011,16,25,0.625,0.5625,1.25,0.5265972018241882,26,0.625,0.4375,2.625,0.5202430486679077,"a"
"2011122412",2011,16,31,0.5,0.4375,1,0.4732638895511627,30,0.625,0.75,1,0.5119444727897644,"a"
"2011122500",2011,16,19,1,0.9375,1,0.49871528148651123,17,0.25,0.4375,1.625,0.5304280519485474,"h"
"2011122600",2011,16,23,0.875,0.75,1.125,0.511631965637207,21,0.5,0.625,1.5,0.5263888835906982,"h"
"2012010100",2011,17,10,0.5,0.375,1.375,0.5203562378883362,12,0.25,0.5,2.25,0.5061458349227905,"h"
"2012010101",2011,17,11,0.875,0.8125,1.375,0.48597222566604614,9,0.125,0.375,2,0.5005555748939514,"h"
"2012010102",2011,17,2,0.5,0.5625,1.625,0.4953819513320923,1,0.5,0.75,1.625,0.4809027910232544,"a"
"2012010103",2011,17,3,0.375,0.25,1,0.4925000071525574,4,0.625,0.75,2.5,0.5489930510520935,"a"
"2012010104",2011,17,5,0.625,0.625,1.625,0.5636805295944214,8,0.5,0.5625,1.125,0.44225695729255676,"a"
"2012010105",2011,17,7,0.5,0.3125,1.25,0.5275694727897644,6,0,0.125,2.125,0.43666666746139526,"h"
"2012010106",2011,17,27,0.5,0.5625,1.625,0.4976041615009308,25,0.375,0.5,1.375,0.5037237405776978,"h"
"2012010107",2011,17,26,0.375,0.5,2.125,0.5242360830307007,28,0.375,0.3125,2,0.49725693464279175,"h"
"2012010108",2011,17,19,1,0.9375,1,0.503576397895813,18,0.625,0.625,1.75,0.5107790231704712,"h"
"2012010109",2011,17,20,0.125,0.1875,2,0.48304039239883423,17,0.375,0.5,1.75,0.5264697074890137,"a"
"2012010110",2011,17,21,0.75,0.625,1.125,0.5427871346473694,24,0.125,0.25,3.25,0.48614582419395447,"h"
"2012010111",2011,17,23,1,0.8125,0.875,0.5191666483879089,22,0.375,0.375,1.5,0.5198958516120911,"h"
"2012010112",2011,17,32,0.125,0.125,1.5,0.45965278148651123,30,0.75,0.8125,0.75,0.5291666388511658,"a"
"2012010113",2011,17,13,0.375,0.5,2.125,0.4715511202812195,14,0.5,0.4375,1.875,0.4857291579246521,"a"
"2012010114",2011,17,15,0.375,0.5,1.875,0.5009375214576721,16,0.375,0.5,2.25,0.5079196691513062,"a"
"2012010115",2011,17,29,0.75,0.5,1.25,0.47094959020614624,31,0.375,0.4375,1.875,0.46343180537223816,"h"
"2012090500",2012,1,27,0.375,0.5,1.625,0.48027777671813965,25,0.5,0.5625,1.125,0.5042098760604858,"a"
"2012090900",2012,1,17,0.625,0.5,1.875,0.48565971851348877,6,0,0.125,2.5,0.43930554389953613,"h"
"2012090901",2012,1,20,0.25,0.25,2,0.46541231870651245,7,0.125,0.3125,1.25,0.49082252383232117,"h"
"2012090902",2012,1,12,0.75,0.5,1.875,0.5318750143051147,9,0,0.3125,2.375,0.4831944406032562,"h"
"2012090903",2012,1,5,0.625,0.625,1.25,0.5595138669013977,10,0.25,0.375,2,0.4664236009120941,"h"
"2012090904",2012,1,8,0.5,0.5,1.75,0.47350695729255676,11,0.75,0.8125,0.625,0.47902777791023254,"a"
"2012090905",2012,1,18,0.625,0.625,1.375,0.4869791567325592,32,0.125,0.125,1.125,0.4862563908100128,"h"
"2012090906",2012,1,23,0.875,0.75,1.125,0.4870833456516266,28,0.5,0.375,1.75,0.5196874737739563,"a"
"2012090907",2012,1,3,0.375,0.25,1.375,0.48086804151535034,26,0.625,0.5,3.125,0.5321875214576721,"a"
"2012090908",2012,1,14,0.375,0.4375,1.625,0.5055943727493286,21,0.625,0.6875,1.125,0.5293055772781372,"a"
"2012090909",2012,1,19,0.875,0.875,1.125,0.49128472805023193,30,0.75,0.8125,0.625,0.5243055820465088,"a"
"2012090910",2012,1,29,0.75,0.5,1.375,0.46931764483451843,31,0.375,0.4375,1.75,0.47318875789642334,"h"
"2012090911",2012,1,24,0.5,0.3125,1.5,0.5099999904632568,22,0.375,0.375,1.625,0.49857640266418457,"h"
"2012090912",2012,1,13,0.5,0.5625,1.875,0.4663427770137787,4,0.625,0.75,1.75,0.5648263692855835,"h"
"2012091000",2012,1,1,1,0.75,1.375,0.5283680558204651,2,0.5,0.5,1.375,0.5193750262260437,"h"
"2012091001",2012,1,15,0.25,0.4375,2,0.5064930319786072,16,0.5,0.5625,1.75,0.5070863366127014,"a"
"2012091300",2012,2,19,0.875,0.875,1.125,0.48954862356185913,17,0.375,0.5,2.125,0.5349072217941284,"h"
"2012091600",2012,2,27,0.5,0.5625,1.375,0.4849652647972107,24,0,0.25,3.375,0.48618054389953613,"h"
"2012091601",2012,2,22,0.5,0.4375,1,0.48260417580604553,23,0.625,0.75,1.625,0.5474212169647217,"h"
"2012091602",2012,2,11,0.75,0.75,1.5,0.4914930462837219,29,0.375,0.5625,2.75,0.4817013740539551,"a"
"2012091603",2012,2,6,0.375,0.1875,1.25,0.4460763931274414,20,0.25,0.25,1.25,0.48819443583488464,"h"
"2012091604",2012,2,26,0.5,0.5625,2.25,0.5190277695655823,1,0.5,0.75,1.5,0.4840624928474426,"h"
"2012091605",2012,2,9,0.625,0.3125,1.625,0.5023958086967468,14,0.5,0.4375,1.5,0.492083340883255,"h"
"2012091606",2012,2,2,0.625,0.5625,1.375,0.512499988079071,3,0,0.1875,1.375,0.46272704005241394,"h"
"2012091607",2012,2,7,0.375,0.25,1.25,0.4798263907432556,5,0.625,0.625,0.875,0.5446180701255798,"a"
"2012091608",2012,2,31,0.5,0.4375,0.875,0.48673611879348755,25,0.375,0.5,1.125,0.4930812120437622,"h"
"2012091609",2012,2,32,0.25,0.1875,1.75,0.4630555510520935,28,0.375,0.3125,1.625,0.5060069561004639,"h"
"2012091610",2012,2,4,0.875,0.75,1.125,0.5317708253860474,12,0.25,0.5,2.125,0.48565971851348877,"h"
"2012091611",2012,2,16,0.625,0.5625,1.125,0.560730516910553,8,0.5,0.5,1.125,0.43388888239860535,"h"
"2012091612",2012,2,10,0.625,0.4375,1.25,0.5268840193748474,15,0.5,0.375,1.875,0.47912484407424927,"h"
"2012091613",2012,2,30,0.875,0.8125,0.625,0.5356074571609497,18,0.5,0.5625,1.75,0.4983137547969818,"h"
"2012091700",2012,2,21,0.75,0.6875,0.875,0.5484468340873718,13,0.625,0.5625,1.875,0.48498961329460144,"h"
"2012092000",2012,3,22,0.375,0.375,1.625,0.4706597328186035,27,0.75,0.625,1.25,0.503993034362793,"a"
"2012092300",2012,3,25,0.625,0.5,1.375,0.5296527743339539,24,0,0.25,3.25,0.4819791615009308,"h"
"2012092301",2012,3,17,0.75,0.5625,1.75,0.5094444155693054,32,0.125,0.1875,1.25,0.4766383469104767,"h"
"2012092302",2012,3,20,0.375,0.3125,2.25,0.4790038764476776,30,0.625,0.75,0.875,0.519444465637207,"h"
"2012092303",2012,3,8,0.5,0.5,1.75,0.4599541127681732,18,0.375,0.5,1.875,0.50362229347229,"h"
"2012092304",2012,3,28,0.125,0.25,2.375,0.507859468460083,2,0.625,0.625,1.625,0.5146874785423279,"a"
"2012092305",2012,3,23,0.75,0.6875,1,0.4722326993942261,14,0.625,0.5,1.75,0.5169686675071716,"a"
"2012092306",2012,3,10,0.625,0.4375,1.25,0.5337634682655334,12,0.375,0.5625,1.875,0.5028775334358215,"a"
"2012092307",2012,3,3,0.25,0.125,1.5,0.4911110997200012,9,0.125,0.375,2.5,0.49211806058883667,"a"
"2012092308",2012,3,6,0.375,0.1875,1.25,0.45934027433395386,7,0.25,0.3125,1.125,0.4849197566509247,"a"
"2012092309",2012,3,29,0.875,0.625,1.125,0.4746648669242859,26,0.625,0.5625,3.125,0.5226041674613953,"h"
"2012092310",2012,3,16,0.5,0.5,1.375,0.5379180312156677,21,0.75,0.75,0.875,0.5545138716697693,"a"
"2012092311",2012,3,13,0.375,0.5,1.75,0.46234971284866333,5,0.75,0.6875,1,0.5478819608688354,"a"
"2012092312",2012,3,15,0.375,0.4375,1.875,0.48652777075767517,4,0.5,0.6875,1.625,0.5695833563804626,"h"
"2012092313",2012,3,1,1,0.75,1.125,0.5106250047683716,11,0.75,0.75,0.125,0.4786111116409302,"h"
"2012092400",2012,3,31,0.625,0.5,0.625,0.5003125071525574,19,0.75,0.8125,0.625,0.5254861116409302,"h"
"2012092700",2012,4,1,1,0.75,1,0.5123958587646484,3,0,0.125,1.5,0.4661298394203186,"h"
"2012093000",2012,4,9,0.5,0.3125,2.125,0.503368079662323,11,0.75,0.75,0.375,0.4871875047683716,"a"
"2012093001",2012,4,5,0.625,0.6875,1.25,0.5610069632530212,8,0.375,0.4375,1.375,0.44315972924232483,"h"
"2012093002",2012,4,14,0.25,0.4375,2.375,0.5020527243614197,16,0.5,0.5,1.625,0.49403077363967896,"a"
"2012093003",2012,4,18,0.5,0.4375,1.375,0.5072916746139526,20,0.375,0.375,1.125,0.48222222924232483,"a"
"2012093004",2012,4,21,0.875,0.8125,0.75,0.5548704266548157,22,0.375,0.375,1.625,0.4915277659893036,"h"
"2012093005",2012,4,32,0.375,0.25,1.625,0.46579861640930176,31,0.375,0.5,2.125,0.49110543727874756,"h"
"2012093006",2012,4,12,0.625,0.5,2.125,0.5103819370269775,30,0.625,0.75,0.625,0.534618079662323,"a"
"2012093007",2012,4,29,1,0.6875,1.25,0.48344048857688904,10,0.25,0.4375,2.25,0.47657158970832825,"h"
"2012093008",2012,4,13,0.5,0.5625,1.75,0.4989122152328491,15,0.5,0.4375,1.625,0.4653053879737854,"h"
"2012093009",2012,4,7,0.375,0.3125,1.375,0.49184027314186096,2,0.625,0.625,1.75,0.5121180415153503,"a"
"2012093010",2012,4,19,0.875,0.8125,1.25,0.49000000953674316,23,0.5,0.625,1.375,0.5336365103721619,"h"
"2012093011",2012,4,24,0.375,0.1875,1.375,0.4929513931274414,28,0.5,0.3125,1.25,0.5222916603088379,"a"
"2012093012",2012,4,26,0.625,0.625,1.875,0.52364581823349,27,0.625,0.5625,1.375,0.5112847089767456,"h"
"2012100100",2012,4,25,0.625,0.5,1.625,0.5140625238418579,17,0.5,0.625,2.25,0.5177891850471497,"a"
"2012100400",2012,5,32,0.5,0.3125,1.625,0.46746528148651123,29,0.375,0.6875,2.625,0.48701387643814087,"h"
"2012100700",2012,5,28,0,0.25,2.375,0.4755330979824066,21,0.75,0.8125,1.125,0.5479514002799988,"a"
"2012100701",2012,5,4,0.875,0.6875,0.875,0.534166693687439,26,0.625,0.625,2.75,0.5228472352027893,"h"
"2012100702",2012,5,6,0.5,0.25,1.375,0.47680556774139404,19,0.625,0.75,0.5,0.4989235997200012,"h"
"2012100703",2012,5,27,0.5,0.5625,1.625,0.4945833384990692,3,0,0.125,1.625,0.46088677644729614,"h"
"2012100704",2012,5,20,0.375,0.375,2.375,0.48758023977279663,8,0.375,0.4375,1.5,0.441631942987442,"h"
"2012100705",2012,5,2,0.5,0.5625,1.5,0.5121527910232544,10,0.375,0.5,2.125,0.47483548521995544,"a"
"2012100706",2012,5,14,0.125,0.375,2.375,0.5154237747192383,1,0.5,0.75,1.625,0.4729166626930237,"a"
"2012100707",2012,5,22,0.375,0.375,1.625,0.4683680534362793,31,0.375,0.5,2.125,0.5056887865066528,"a"
"2012100708",2012,5,7,0.375,0.3125,1.5,0.4846527874469757,17,0.5,0.625,2.125,0.5236225128173828,"a"
"2012100709",2012,5,11,0.75,0.75,1.5,0.4954513907432556,13,0.625,0.5625,1.75,0.4791562855243683,"h"
"2012100710",2012,5,30,1,0.8125,0.625,0.5501388907432556,9,0.125,0.3125,2.5,0.48065972328186035,"h"
"2012100711",2012,5,23,0.75,0.625,1.125,0.45372575521469116,16,0.5,0.5,1.625,0.5009751915931702,"h"
"2012100800",2012,5,12,0.5,0.4375,2.25,0.49868056178092957,5,0.875,0.75,1.125,0.5634375214576721,"a"
"2012101100",2012,6,8,0.625,0.5,1.625,0.476655513048172,4,0.5,0.6875,1.625,0.5730555653572083,"h"
"2012101400",2012,6,21,0.875,0.8125,1.125,0.5402871370315552,15,0.375,0.375,1.875,0.48790955543518066,"h"
"2012101401",2012,6,24,0.375,0.1875,1.625,0.4675694406032562,14,0.5,0.3125,2,0.5171075463294983,"h"
"2012101402",2012,6,12,0.5,0.4375,2,0.5005555748939514,6,0,0.25,2.875,0.4504166543483734,"h"
"2012101403",2012,6,3,0.375,0.1875,1.5,0.476666659116745,2,0.5,0.5,2,0.5092014074325562,"h"
"2012101404",2012,6,26,0.5,0.5625,2.25,0.5009049773216248,18,0.375,0.4375,1.875,0.5149048566818237,"a"
"2012101405",2012,6,10,0.75,0.5625,1.125,0.5276085734367371,32,0.125,0.3125,1.125,0.491881400346756,"h"
"2012101406",2012,6,1,1,0.75,0.75,0.492083340883255,25,0.375,0.5,1,0.5081506371498108,"h"
"2012101407",2012,6,29,0.875,0.625,1.5,0.49660724401474,9,0.25,0.375,2.25,0.48902714252471924,"a"
"2012101408",2012,6,31,0.75,0.5625,0.625,0.4950000047683716,11,0.75,0.75,0.625,0.5150347352027893,"h"
"2012101409",2012,6,30,0.875,0.75,0.875,0.5432639122009277,27,0.625,0.5625,1.125,0.520104169845581,"a"
"2012101410",2012,6,28,0.125,0.3125,2,0.48928308486938477,20,0.375,0.375,1.5,0.4868055582046509,"h"
"2012101411",2012,6,5,0.625,0.75,1.375,0.5560069680213928,19,0.625,0.75,0.375,0.48809027671813965,"a"
"2012101500",2012,6,16,0.375,0.4375,2.125,0.5385082960128784,13,0.625,0.5625,2,0.47079727053642273,"a"
"2012101800",2012,7,30,0.875,0.75,1,0.5414583086967468,31,0.375,0.5625,2,0.5284318327903748,"h"
"2012102100",2012,7,27,0.5,0.5625,1.875,0.48385417461395264,28,0.5,0.3125,1.5,0.5380555391311646,"h"
"2012102101",2012,7,20,0.5,0.4375,2.375,0.4813649654388428,29,0.375,0.625,2.375,0.4954861104488373,"h"
"2012102102",2012,7,22,0.25,0.3125,1.875,0.4493750035762787,25,0.5,0.5625,1,0.5409978628158569,"a"
"2012102103",2012,7,24,0.25,0.125,1.625,0.47236111760139465,23,0.5,0.625,1.375,0.5161017775535583,"a"
"2012102104",2012,7,32,0.375,0.25,1.625,0.4584027826786041,19,0.625,0.75,0.25,0.4898958206176758,"a"
"2012102105",2012,7,5,0.625,0.75,1.125,0.5621528029441833,1,0.5,0.75,1.625,0.46871528029441833,"h"
"2012102106",2012,7,6,0.625,0.3125,1.25,0.5041319727897644,3,0,0.1875,1.375,0.46067842841148376,"h"
"2012102107",2012,7,9,0.375,0.3125,2.25,0.4964583218097687,8,0.375,0.5,1.375,0.4355555474758148,"a"
"2012102108",2012,7,11,0.75,0.75,1.125,0.49752500653266907,12,0.375,0.4375,2.125,0.5148316621780396,"h"
"2012102109",2012,7,15,0.375,0.375,2.125,0.4787166118621826,7,0.25,0.3125,1.25,0.48550868034362793,"h"
"2012102110",2012,7,2,0.375,0.4375,1.625,0.4890277683734894,4,0.5,0.6875,1.875,0.5766319632530212,"a"
"2012102200",2012,7,17,0.75,0.625,1.625,0.5262500047683716,18,0.25,0.375,2.375,0.506259024143219,"h"
"2012102500",2012,8,20,0.5,0.4375,2.125,0.4771635830402374,24,0.125,0.1875,3.25,0.4982638955116272,"a"
"2012102800",2012,8,19,0.875,0.75,1.25,0.4814583361148834,7,0.25,0.3125,1.125,0.498251736164093,"h"
"2012102801",2012,8,12,0.5,0.4375,1.875,0.503333330154419,10,0.5,0.625,2.125,0.4773702025413513,"a"
"2012102802",2012,8,3,0.375,0.1875,1.375,0.4479166567325592,16,0.5,0.4375,1.25,0.4980902671813965,"h"
"2012102803",2012,8,8,0.5,0.4375,1.625,0.47065895795822144,6,0.125,0.375,2.625,0.46085765957832336,"a"
"2012102804",2012,8,32,0.375,0.25,1.5,0.47111111879348755,11,0.75,0.75,0.625,0.512499988079071,"a"
"2012102805",2012,8,26,0.5,0.5625,2,0.5020160675048828,21,0.75,0.8125,0.875,0.5437152981758118,"a"
"2012102806",2012,8,17,0.75,0.625,1.875,0.5110416412353516,22,0.375,0.3125,1.5,0.5065277814865112,"h"
"2012102807",2012,8,18,0.625,0.4375,1.5,0.5163888931274414,31,0.375,0.5625,1.875,0.5174595713615417,"h"
"2012102808",2012,8,4,0.875,0.6875,0.875,0.5383333563804626,28,0.5,0.3125,1.25,0.5387499928474426,"h"
"2012102809",2012,8,14,0.125,0.3125,2.875,0.5078890323638916,15,0.375,0.375,1.75,0.48030540347099304,"a"
"2012102810",2012,8,25,0.5,0.5,2.25,0.5106596946716309,27,0.625,0.5625,1.125,0.5147222280502319,"a"
"2012102811",2012,8,13,0.625,0.625,1.5,0.508912205696106,23,0.5,0.625,1,0.508219838142395,"h"
"2012102900",2012,8,29,0.75,0.5625,1.625,0.4980340600013733,30,0.625,0.75,0.5,0.5324305295944214,"a"
"2012110100",2012,9,16,0.5,0.5,2,0.5348277688026428,14,0.375,0.25,2.25,0.5127325654029846,"h"
"2012110400",2012,9,28,0.125,0.3125,1.625,0.5052205920219421,22,0.5,0.375,1,0.5019097328186035,"a"
"2012110401",2012,9,19,0.875,0.75,1.25,0.49156248569488525,29,0.375,0.5625,2.5,0.4875694513320923,"h"
"2012110402",2012,9,7,0.25,0.25,1.625,0.4601736068725586,18,0.375,0.5,1.625,0.5158423185348511,"a"
"2012110403",2012,9,8,0.5,0.4375,2.125,0.4621172845363617,17,0.5,0.625,2,0.5310530662536621,"a"
"2012110404",2012,9,2,0.375,0.4375,1.5,0.4958333373069763,13,0.625,0.625,2.25,0.4682278037071228,"a"
"2012110405",2012,9,3,0.375,0.1875,1.5,0.4396180510520935,1,0.5,0.75,1.5,0.46361109614372253,"a"
"2012110406",2012,9,5,0.625,0.75,1,0.5596528053283691,9,0.25,0.3125,2.125,0.4828813076019287,"h"
"2012110407",2012,9,6,0.75,0.4375,0.875,0.5254861116409302,10,0.375,0.5625,2.125,0.47684937715530396,"h"
"2012110408",2012,9,31,0.75,0.5625,0.625,0.49704861640930176,20,0.25,0.375,1.625,0.46996527910232544,"h"
"2012110409",2012,9,15,0.375,0.375,1.75,0.49027910828590393,24,0.25,0.25,3.125,0.4914236068725586,"a"
"2012110410",2012,9,27,0.5,0.5625,1.75,0.4860416650772095,4,0.5,0.6875,2,0.5794791579246521,"a"
"2012110411",2012,9,21,1,0.875,1,0.5398610830307007,25,0.375,0.4375,1,0.5329198837280273,"h"
"2012110500",2012,9,23,0.75,0.625,1.25,0.44629520177841187,26,0.5,0.5,2.75,0.5131944417953491,"h"
"2012110800",2012,10,7,0.25,0.25,1.875,0.4447222352027893,6,0.25,0.5,2.5,0.49019792675971985,"a"
"2012111100",2012,10,22,0.25,0.375,1.875,0.4569791555404663,13,0.625,0.625,2.5,0.45739448070526123,"a"
"2012111101",2012,10,24,0.375,0.3125,1.125,0.4651041626930237,16,0.5,0.5,1.125,0.5186111330986023,"h"
"2012111102",2012,10,10,0.625,0.5,1.375,0.5135113596916199,8,0.5,0.5,1.25,0.456805557012558,"a"
"2012111103",2012,10,11,0.875,0.8125,0.625,0.4901292026042938,9,0.25,0.3125,2.5,0.4779854714870453,"h"
"2012111104",2012,10,1,1,0.75,0.75,0.49107638001441956,15,0.25,0.3125,2,0.47537484765052795,"h"
"2012111105",2012,10,2,0.375,0.4375,1.5,0.49309027194976807,27,0.625,0.5625,1.375,0.5045833587646484,"h"
"2012111106",2012,10,23,0.75,0.625,1.375,0.44396883249282837,21,0.625,0.8125,0.875,0.5329166650772095,"h"
"2012111107",2012,10,20,0.625,0.4375,1.75,0.4699760973453522,18,0.375,0.5,1.75,0.4960506558418274,"h"
"2012111108",2012,10,31,0.875,0.625,0.75,0.5168750286102295,12,0.25,0.375,2.25,0.4855608344078064,"h"
"2012111109",2012,10,26,0.5,0.5,2,0.5097938179969788,25,0.5,0.5,1,0.5246180295944214,"a"
"2012111111",2012,10,17,0.625,0.5625,2.25,0.5105555653572083,5,0.875,0.75,1.375,0.5492013692855835,"a"
"2012111200",2012,10,4,0.875,0.6875,0.875,0.5211963057518005,14,0.375,0.25,2,0.5072306990623474,"h"
"2012111500",2012,11,9,0.375,0.3125,2,0.49687498807907104,10,0.375,0.5,2.375,0.46327298879623413,"h"
"2012111800",2012,11,28,0.25,0.375,1.375,0.5047222375869751,26,0.375,0.4375,2.75,0.5029861330986023,"h"
"2012111801",2012,11,18,0.625,0.5,1.875,0.5260763764381409,19,0.625,0.75,0.375,0.4910416603088379,"a"
"2012111802",2012,11,21,1,0.8125,1.625,0.5309028029441833,29,0.25,0.5,2.375,0.47843751311302185,"h"
"2012111803",2012,11,22,0.25,0.375,1.75,0.4617481529712677,24,0.375,0.375,2.875,0.4991198778152466,"a"
"2012111804",2012,11,25,0.5,0.5,2.25,0.5185651779174805,3,0,0.1875,1.375,0.45718270540237427,"h"
"2012111805",2012,11,32,0.375,0.25,1.625,0.47305554151535034,12,0.375,0.4375,2,0.48733165860176086,"a"
"2012111806",2012,11,11,0.875,0.8125,0.5,0.4871777892112732,6,0.25,0.5,2.75,0.4993298649787903,"h"
"2012111807",2012,11,5,0.625,0.75,1.25,0.557960569858551,7,0.125,0.1875,1.125,0.47824257612228394,"h"
"2012111808",2012,11,14,0.125,0.25,3,0.5042779445648193,2,0.5,0.4375,2,0.5143055319786072,"a"
"2012111809",2012,11,15,0.375,0.3125,1.625,0.4970499575138092,23,0.625,0.6875,0.75,0.508185088634491,"a"
"2012111810",2012,11,13,0.625,0.625,1.625,0.5107871890068054,16,0.375,0.4375,1.5,0.5248958468437195,"h"
"2012111811",2012,11,4,0.875,0.6875,1,0.5354324579238892,1,0.625,0.8125,1.125,0.46812498569488525,"a"
"2012111900",2012,11,30,0.75,0.6875,0.75,0.5153472423553467,17,0.5,0.5625,1.875,0.5317127704620361,"h"
"2012112200",2012,12,18,0.5,0.4375,1.625,0.5207734107971191,5,0.875,0.75,1.5,0.5373862981796265,"a"
"2012112201",2012,12,25,0.375,0.4375,2.625,0.5055790543556213,28,0.5,0.375,1.125,0.5353472232818604,"a"
"2012112202",2012,12,12,0.375,0.375,2.25,0.5171180367469788,11,0.75,0.8125,0.75,0.5059375166893005,"a"
"2012112500",2012,12,2,0.5,0.5,1.25,0.49829861521720886,15,0.25,0.3125,2.125,0.4911387264728546,"h"
"2012112501",2012,12,3,0.375,0.1875,1.5,0.44874998927116394,4,0.375,0.625,2.75,0.5648958086967468,"h"
"2012112502",2012,12,6,0.875,0.5625,0.875,0.541979193687439,9,0.25,0.3125,2.25,0.4861451983451843,"h"
"2012112503",2012,12,7,0.375,0.25,1.875,0.43986111879348755,8,0.375,0.4375,1.5,0.46177083253860474,"h"
"2012112504",2012,12,14,0.125,0.25,2.625,0.5151459574699402,13,0.625,0.625,2.625,0.45402777194976807,"a"
"2012112505",2012,12,17,0.625,0.5625,2.375,0.5195833444595337,20,0.25,0.4375,1.875,0.4612152874469757,"h"
"2012112506",2012,12,24,0.375,0.375,0.625,0.4770486056804657,21,0.75,0.875,0.875,0.5421527624130249,"a"
"2012112507",2012,12,10,0.625,0.5,1.5,0.507087767124176,31,0.25,0.5625,1.625,0.5111748576164246,"h"
"2012112508",2012,12,16,0.5,0.4375,1.75,0.5367403030395508,1,0.625,0.8125,1,0.4558999240398407,"a"
"2012112509",2012,12,23,0.625,0.625,1.625,0.4543854892253876,30,0.75,0.75,0.625,0.5350000262260437,"a"
"2012112510",2012,12,29,0.625,0.4375,1.75,0.5038326978683472,32,0.125,0.25,1,0.48645833134651184,"a"
"2012112511",2012,12,27,0.625,0.625,1.5,0.49493056535720825,19,0.5,0.6875,0.625,0.4901736080646515,"h"
"2012112600",2012,12,26,0.5,0.4375,2.25,0.5046202540397644,22,0.5,0.375,0.875,0.49965277314186096,"a"
"2012112900",2012,13,21,1,0.875,1.625,0.5134375095367432,23,0.5,0.5625,1.375,0.5220485925674438,"h"
"2012120200",2012,13,17,0.625,0.5625,2,0.5236176252365112,31,0.25,0.5625,1.625,0.5093975067138672,"a"
"2012120201",2012,13,19,0.875,0.6875,1.25,0.512048602104187,20,0.25,0.4375,2.125,0.45319443941116333,"h"
"2012120202",2012,13,32,0.5,0.3125,1.625,0.47044962644577026,30,0.75,0.75,0.75,0.5357656478881836,"h"
"2012120203",2012,13,12,0.375,0.375,2.625,0.5180208086967468,29,0.25,0.4375,1.875,0.4912152886390686,"h"
"2012120204",2012,13,14,0.125,0.25,2.625,0.5172987580299377,22,0.375,0.3125,0.875,0.47902777791023254,"h"
"2012120205",2012,13,18,0.5,0.4375,1.375,0.535009503364563,6,0.375,0.625,2.875,0.47165626287460327,"a"
"2012120206",2012,13,9,0.5,0.375,1.875,0.5239930748939514,7,0.125,0.25,1.375,0.46567314863204956,"h"
"2012120207",2012,13,10,0.5,0.4375,1.625,0.4826433062553406,11,0.75,0.8125,0.75,0.5258333086967468,"a"
"2012120208",2012,13,8,0.375,0.375,2.375,0.4471520185470581,5,0.875,0.75,1.375,0.5487405061721802,"a"
"2012120209",2012,13,13,0.625,0.625,1.5,0.5152778029441833,24,0.375,0.375,2.125,0.49780043959617615,"h"
"2012120210",2012,13,1,0.875,0.75,1,0.4796527922153473,4,0.5,0.6875,2.625,0.570972204208374,"a"
"2012120211",2012,13,15,0.25,0.25,1.625,0.4917721748352051,3,0.125,0.25,1.375,0.45759937167167664,"a"
"2012120212",2012,13,16,0.5,0.4375,2,0.5296556353569031,2,0.625,0.5625,2,0.515173614025116,"a"
"2012120213",2012,13,25,0.375,0.4375,2.375,0.5155096054077148,26,0.375,0.4375,2.375,0.4968055486679077,"h"
"2012120300",2012,13,28,0.375,0.4375,1.125,0.5026041865348816,27,0.625,0.625,1.125,0.50822913646698,"h"
"2012120600",2012,14,15,0.25,0.25,1.75,0.47329995036125183,13,0.625,0.625,2.5,0.4856249988079071,"a"
"2012120900",2012,14,28,0.5,0.5,1,0.49437686800956726,1,0.625,0.75,1,0.46006470918655396,"h"
"2012120901",2012,14,3,0.5,0.3125,1.375,0.4717708230018616,14,0.25,0.1875,2,0.4943487346172333,"h"
"2012120902",2012,14,4,0.75,0.625,1.25,0.5156407952308655,16,0.5,0.5,1.25,0.5438888669013977,"a"
"2012120903",2012,14,6,0.875,0.625,1,0.5489236116409302,8,0.375,0.375,1.375,0.45482638478279114,"h"
"2012120904",2012,14,7,0.25,0.1875,1.875,0.43291667103767395,12,0.375,0.375,2.125,0.4838247001171112,"a"
"2012120905",2012,14,20,0.75,0.5,1.75,0.4848024845123291,17,0.5,0.5625,2,0.5379514098167419,"h"
"2012120906",2012,14,22,0.375,0.375,1.5,0.47528982162475586,21,0.625,0.8125,1,0.5286111235618591,"h"
"2012120907",2012,14,24,0.375,0.375,0.5,0.48295140266418457,26,0.375,0.4375,2.25,0.49368056654930115,"a"
"2012120908",2012,14,9,0.5,0.375,1.875,0.5215625166893005,32,0.25,0.375,0.875,0.49784722924232483,"a"
"2012120909",2012,14,2,0.375,0.5,1.125,0.4944791793823242,25,0.5,0.4375,1,0.5083680748939514,"a"
"2012120910",2012,14,30,0.75,0.75,0.75,0.503819465637207,10,0.25,0.375,2.125,0.46462714672088623,"h"
"2012120911",2012,14,27,0.75,0.6875,1.375,0.5047222375869751,23,0.375,0.5,1.875,0.5069444179534912,"h"
"2012120912",2012,14,31,0.875,0.5625,0.875,0.5254513621330261,29,0.125,0.375,2.5,0.4736458361148834,"h"
"2012120913",2012,14,19,0.875,0.6875,1.375,0.5090625286102295,18,0.25,0.375,1.875,0.5143492817878723,"h"
"2012121000",2012,14,11,0.875,0.8125,0.625,0.5006500482559204,5,0.75,0.6875,1,0.5434280037879944,"h"
"2012121300",2012,15,26,0.375,0.375,2.375,0.488543838262558,2,0.75,0.5625,2,0.5368402600288391,"a"
"2012121600",2012,15,17,0.625,0.5625,1.5,0.5199370980262756,19,0.5,0.6875,0.75,0.49086806178092957,"a"
"2012121601",2012,15,21,1,0.8125,1.625,0.5143402814865112,27,0.5,0.625,1.375,0.480590283870697,"h"
"2012121602",2012,15,23,0.625,0.5,1.375,0.4650452136993408,24,0.375,0.375,2.25,0.4879046082496643,"h"
"2012121603",2012,15,32,0.5,0.375,1.625,0.48020654916763306,20,0.375,0.5625,1.375,0.456701397895813,"a"
"2012121604",2012,15,3,0.5,0.3125,1.5,0.4778124988079071,28,0.5,0.5,1,0.5380208492279053,"a"
"2012121605",2012,15,10,0.625,0.4375,1.375,0.4971919357776642,7,0.125,0.1875,0.875,0.47168007493019104,"h"
"2012121606",2012,15,1,0.75,0.6875,1,0.44902777671813965,13,0.75,0.6875,2,0.5023958086967468,"a"
"2012121607",2012,15,5,0.75,0.75,0.875,0.569766104221344,6,0.375,0.625,2.875,0.4779756963253021,"h"
"2012121608",2012,15,29,0.625,0.375,1.75,0.4999625086784363,18,0.25,0.375,1.875,0.5203909277915955,"h"
"2012121609",2012,15,16,0.375,0.4375,2.125,0.5023987293243408,22,0.375,0.375,1,0.4893749952316284,"a"
"2012121610",2012,15,9,0.5,0.375,1.875,0.5212846994400024,31,0.375,0.625,1.5,0.5086740255355835,"a"
"2012121611",2012,15,25,0.5,0.5,2.375,0.532035231590271,4,0.375,0.5625,2.625,0.5443077087402344,"h"
"2012121612",2012,15,15,0.375,0.3125,1.75,0.49527913331985474,14,0.25,0.1875,2,0.48934873938560486,"h"
"2012121613",2012,15,11,0.75,0.75,1.125,0.4982541799545288,30,0.75,0.75,1,0.5301753878593445,"a"
"2012121700",2012,15,8,0.5,0.4375,2.375,0.4623256325721741,12,0.375,0.375,2.25,0.4844844341278076,"h"
"2012122200",2012,16,18,0.375,0.3125,1.75,0.534801185131073,21,0.75,0.875,0.875,0.5193402767181396,"a"
"2012122300",2012,16,19,0.875,0.6875,1.125,0.5147569179534912,8,0.25,0.375,1.5,0.45531249046325684,"h"
"2012122301",2012,16,22,0.375,0.375,1.75,0.4833453893661499,15,0.25,0.3125,1.625,0.48645123839378357,"h"
"2012122302",2012,16,10,0.625,0.4375,1.125,0.4954558312892914,9,0.25,0.375,2.25,0.4847910404205322,"h"
"2012122303",2012,16,4,0.625,0.5,1.25,0.5240782499313354,2,0.75,0.5625,2.25,0.5330902934074402,"a"
"2012122304",2012,16,7,0.125,0.125,2.125,0.4366319477558136,11,0.75,0.75,1,0.5127778053283691,"a"
"2012122305",2012,16,14,0.125,0.1875,2.75,0.5190625190734863,6,0.5,0.6875,2.5,0.4747812747955322,"a"
"2012122306",2012,16,25,0.5,0.5,2.5,0.5081437826156616,23,0.375,0.5,1.625,0.507502555847168,"a"
"2012122307",2012,16,26,0.25,0.3125,2.375,0.49125218391418457,28,0.625,0.5625,1,0.5353124737739563,"a"
"2012122308",2012,16,24,0.375,0.375,1,0.512048602104187,32,0.375,0.4375,1,0.48847222328186035,"a"
"2012122309",2012,16,1,0.75,0.6875,0.875,0.4637152850627899,27,0.375,0.5625,1.25,0.47381943464279175,"h"
"2012122310",2012,16,5,0.75,0.75,1,0.5501827597618103,20,0.375,0.5625,1.5,0.46753472089767456,"a"
"2012122311",2012,16,13,0.75,0.75,1.25,0.530590295791626,3,0.125,0.3125,1.375,0.4512612223625183,"h"
"2012122312",2012,16,29,0.5,0.3125,1.875,0.5024915337562561,17,0.625,0.625,1.875,0.5218750238418579,"a"
"2012122313",2012,16,31,0.875,0.625,0.875,0.5330902934074402,30,0.625,0.6875,1.25,0.5087517499923706,"h"
"2012122314",2012,16,12,0.375,0.375,2.5,0.5049999952316284,16,0.5,0.4375,1.125,0.5432639122009277,"a"
"2012123000",2012,17,9,0.5,0.375,2,0.5174999833106995,12,0.375,0.375,2.125,0.49167191982269287,"h"
"2012123001",2012,17,11,0.75,0.75,1,0.5107541680335999,10,0.25,0.4375,2.125,0.4548354744911194,"h"
"2012123002",2012,17,2,0.5,0.625,1,0.48152777552604675,1,0.5,0.625,1.125,0.4730161130428314,"h"
"2012123003",2012,17,4,0.625,0.5,1.125,0.5263699293136597,3,0.125,0.3125,1.75,0.455323725938797,"h"
"2012123004",2012,17,6,0.875,0.6875,0.875,0.5452430844306946,5,0.75,0.75,1.125,0.54710853099823,"h"
"2012123005",2012,17,8,0.5,0.375,2,0.4553811848163605,7,0.125,0.125,1.125,0.47862452268600464,"h"
"2012123006",2012,17,27,0.75,0.5625,1.375,0.4984722137451172,26,0.25,0.25,2.25,0.49541667103767395,"h"
"2012123007",2012,17,28,0.625,0.625,0.75,0.5006268620491028,25,0.5,0.5,1.125,0.5106944441795349,"h"
"2012123008",2012,17,18,0.25,0.25,2.25,0.5212594866752625,17,0.625,0.625,1.5,0.5330902934074402,"a"
"2012123009",2012,17,20,0.875,0.625,1.375,0.48622608184814453,19,0.5,0.6875,0.875,0.49975693225860596,"h"
"2012123010",2012,17,21,0.875,0.8125,1.375,0.5097222328186035,24,0.5,0.4375,1.875,0.492522656917572,"a"
"2012123011",2012,17,23,0.5,0.4375,1.375,0.44737160205841064,22,0.5,0.4375,0.875,0.5070486068725586,"a"
"2012123012",2012,17,13,0.875,0.8125,1.125,0.5400347113609314,14,0.125,0.125,1.875,0.47990429401397705,"h"
"2012123013",2012,17,16,0.375,0.4375,2.125,0.49719035625457764,15,0.125,0.25,1.5,0.4860069453716278,"h"
"2012123014",2012,17,30,0.75,0.6875,0.75,0.519409716129303,29,0.125,0.3125,2.375,0.4644791781902313,"h"
"2012123015",2012,17,31,1,0.6875,0.75,0.5450000166893005,32,0.375,0.4375,1.125,0.48104166984558105,"h"